,P1AncestryProportion,P2AncestryProportion,P3AncestryProportion,P4AncestryProportion,P5AncestryProportion,P6AncestryProportion,P7AncestryProportion,P8AncestryProportion
0,0.052054865,0.000871715,0.110907795,0.105051155,0.092760965,0.36808903,0.051280595,0.21898388
1,0.049088845,0.09539353,0.09468775,0.078986175,0.050645345,0.30598573,0.08664966,0.238562965
2,0.05467567,0.05230959,0.1955562,0.0647555,0.15176663,0.27318891,0.01919517,0.18855233
3,0.109741085,0.08505265,0.24045483,0.064867485,0.05663042,0.28074291,0.05352574,0.10898488
4,0.09185659,0.0771494,0.129105645,0.07658893,0.10367742,0.38338063,0.0068731,0.131368285
5,0.047204895,0.04328263,0.18289881,0.09795705,0.087731855,0.384086035,0.100411875,0.05642685
6,0.078540365,0.070653625,0.156791625,0.06828847,0.09317219,0.362965525,0.048052135,0.121536065
7,0.138903725,0.16994551,0.066254215,0.072088135,0.115973135,0.28963534,0.010051505,0.137148435
8,0.06695324,0.071387545,0.145532375,0.108198445,0.197362835,0.237285285,0.083983235,0.08929704
9,0.07039172,0.02958292,0.11021723,0.16736354,0.064498645,0.415275285,0.01798731,0.12468335
10,0.05689738,0.05038924,0.192578445,0.020759785,0.202476985,0.272371505,0.118544595,0.085982065
11,0.045527505,0.07196237,0.133474065,0.159825875,0.144830655,0.191750435,0.057481435,0.19514766
12,0.01804601,0.084399275,0.15231193,0.1739636,0.070153345,0.268709285,0.028298235,0.20411832
13,0.105696175,0.04919038,0.07001426,0.045289355,0.088313955,0.376913605,0.04084208,0.22374019
14,0.0430439,0.093231465,0.076423295,0.17306041,0.101686315,0.235236865,0.030007845,0.247309905
15,0.06974873,0.041439485,0.108455055,0.169191175,0.082031155,0.31954624,0.055845315,0.153742845
16,0.056157385,0.09685254,0.093585355,0.075976485,0.18997032,0.31856343,0.065274655,0.10361983
17,0.026862835,0.05233537,0.15150633,0.079815925,0.094341375,0.36290889,0.03347044,0.198758835
18,0.138456725,0.02238079,0.245539155,0.04344473,0.041919575,0.26094298,0.122229355,0.12508669
19,0.069327465,0.035140215,0.23381122,0.10531854,0.122268735,0.16761538,0.10267133,0.163847115
20,0.084169865,0.023761445,0.09232498,0.15113165,0.07018316,0.38623077,0.00626585,0.18593228
21,0.096808755,0.041447825,0.189665695,0.08307674,0.05745579,0.298473355,0.09001706,0.14305478
22,0.07479921,0.040672985,0.186208745,0.111014965,0.072067725,0.28677455,0.0954643,0.13299752
23,0.100454665,0.04134507,0.113550205,0.019170145,0.09520807,0.310864135,0.027215725,0.292191985
24,0.046365645,0.055478125,0.149597045,0.20142897,0.153282935,0.188879425,0.06464578,0.140322075
25,0.06660301,0.05431974,0.12961428,0.079351325,0.06784789,0.414484175,0.05886188,0.1289177
26,0.095730825,0.06199834,0.13152599,0.095225025,0.129348315,0.408873995,0.00112162,0.07617589
27,0.061627065,0.114893255,0.118119605,0.02233111,0.219542625,0.250032895,0.023945865,0.18950758
28,0.009972185,0.105954885,0.08769826,0.147225055,0.10030632,0.37245077,0.016636885,0.15975564
29,0.12450296,0.107144125,0.06053199,0.095180105,0.033615155,0.34276723,0.072610125,0.16364831
30,0.12528223,0.083613545,0.13205636,0.045234725,0.105150525,0.27595483,0.007991065,0.22471672
31,0.01995882,0.05779171,0.08141102,0.086317235,0.164170055,0.415490225,0.021733395,0.15312754
32,0.031043455,0.0,0.115531845,0.026505405,0.15935247,0.37473834,0.131991375,0.16083711
33,0.122519615,0.087325035,0.14293403,0.04514115,0.14764318,0.29671548,0.02203342,0.13568809
34,0.092646575,0.047627235,0.09867012,0.035628605,0.214795935,0.23718298,0.08998695,0.1834616
35,0.074336165,0.10859759,0.06976762,0.05234681,0.06022886,0.35518838,0.082261655,0.19727292
36,0.059155295,0.13366788,0.11278061,0.014637615,0.089361235,0.34803423,0.08983004,0.152533095
37,0.116025175,0.07253587,0.147941345,0.063765135,0.108474575,0.30376827,0.03775679,0.14973284
38,0.03624498,0.01424089,0.15535996,0.06965166,0.12955365,0.374299275,0.058987055,0.16166253
39,0.0533079,0.13553652,0.12351924,0.093714205,0.121857825,0.23189949,0.08282859,0.15733623
40,0.030162935,0.14075485,0.13528375,0.07790264,0.078828205,0.382734045,0.050121295,0.10421228
41,0.134462985,0.049583075,0.147013235,0.083235545,0.030520685,0.271834945,0.070409365,0.212940165
42,0.07463906,0.11853572,0.05410917,0.0543949,0.10603359,0.301895775,0.096964445,0.19342734
43,0.11045914,0.039402495,0.076348825,0.097448665,0.07744113,0.29099936,0.15130576,0.156594625
44,0.16495262,0.040740445,0.115924385,0.13870539,0.025556955,0.444893185,0.008062075,0.061164945
45,0.125409635,0.117447045,0.1025191,0.03265778,0.053729345,0.24652742,0.13958832,0.182121355
46,0.08410809,0.01123988,0.196957265,0.05567126,0.10537354,0.274082135,0.0312193,0.24134853
47,0.067864425,0.07367978,0.236261285,0.0852362,0.12242685,0.297822585,0.00747295,0.109235925
48,0.03486966,0.037717395,0.155991755,0.066008595,0.12450785,0.343019145,0.06230656,0.17557904
49,0.036187445,0.078693285,0.129474405,0.144255875,0.13388722,0.19773836,0.06886013,0.21090328
50,0.080250655,0.08435928,0.11565616,0.05004312,0.05224804,0.319301885,0.119487195,0.178653665
51,0.012379355,0.03386944,0.193557745,0.119602005,0.127923525,0.235139575,0.05501886,0.222509495
52,0.132769595,0.08666921,0.17403163,0.07843643,0.040922895,0.27882054,0.07450748,0.13384222
53,0.04233041,0.079643075,0.10434562,0.189376645,0.035209395,0.238596525,0.072116655,0.238381675
54,0.021635465,0.10226147,0.15632801,0.091048855,0.11765378,0.313041415,0.049120755,0.14891025
55,0.099657535,0.045163895,0.23938724,0.078374715,0.115369755,0.220043625,0.07147476,0.130528475
56,0.10033563,0.02751105,0.14494181,0.06743991,0.106292205,0.284446545,0.085442815,0.183590035
57,0.053417935,0.021564275,0.051992955,0.205316725,0.225808925,0.248637685,0.04802091,0.14524059
58,0.16838451,0.05751939,0.162618845,0.058103885,0.131816095,0.2246875,0.004356755,0.19251302
59,0.04842179,0.05171493,0.135742045,0.128388415,0.0566818,0.38107061,0.05991021,0.1380702
60,0.0582417,0.064380355,0.06797763,0.11869623,0.061972685,0.394244925,0.106922325,0.12756415
61,0.07086998,0.062772615,0.08790559,0.04337559,0.12283041,0.333039875,0.050243665,0.228962275
62,0.089995225,0.11678549,0.12583974,0.03914018,0.099476375,0.35227429,0.05210846,0.12438024
63,0.052539125,0.139401395,0.075456035,0.09204329,0.151805195,0.28709313,0.07001636,0.13164547
64,0.10526907,0.039396115,0.208456855,0.073573535,0.053722895,0.362425215,0.07115601,0.086000305
65,0.06590257,0.050054945,0.11247889,0.08834459,0.1473073,0.366875965,0.095790695,0.073245045
66,0.050937155,0.101585755,0.125768275,0.153278175,0.140692835,0.2340695,0.02765115,0.166017155
67,0.182994025,0.104123715,0.127384085,0.144643655,0.0403492,0.1875174,0.05116458,0.16182334
68,0.071708815,0.03239945,0.12053443,0.10941064,0.0537482,0.388571545,0.0319876,0.19163932
69,0.05620457,0.03999701,0.075389295,0.116768215,0.14661212,0.341468005,0.02833641,0.195224375
70,0.098233345,0.028341725,0.141057735,0.05261176,0.091491755,0.37212273,0.06002563,0.15611532
71,0.120893585,0.054616165,0.121328135,0.103500015,0.15302702,0.249314735,0.052772285,0.14454806
72,0.093283105,0.058709305,0.113908915,0.06768456,0.12869324,0.399127115,0.032870845,0.105722915
73,0.04113948,0.063515885,0.148431125,0.07670819,0.15954361,0.364136885,0.023475305,0.12304952
74,0.10937834,0.032069915,0.088085475,0.05263619,0.16626721,0.27729615,0.073808855,0.200457865
75,0.076706095,0.123000145,0.05331366,0.06507012,0.105893555,0.351376825,0.094720955,0.129918645
76,0.06156277,0.1061427,0.20974012,0.07901523,0.14235247,0.191318305,0.07818369,0.131684715
77,0.04853958,0.090796265,0.146367335,0.03160655,0.163848475,0.304971775,0.06034869,0.15352133
78,0.028685205,0.03979266,0.28039674,0.10878363,0.08503426,0.336894625,0.048686815,0.071726065
79,0.1242596,0.122925035,0.155665665,0.137358265,0.017014765,0.289359835,0.0433717,0.110045135
80,0.04668311,0.03293272,0.1257604,0.095931055,0.16646885,0.2841569,0.04026532,0.207801645
81,0.174426945,0.11884837,0.119887695,0.03251022,0.083549425,0.30692683,0.08703471,0.076815805
82,0.073123205,0.0330378,0.17291781,0.151578565,0.09690492,0.329638895,0.00171345,0.141085355
83,0.07861764,0.06813785,0.208390775,0.059478925,0.11464062,0.31892442,0.030952715,0.120857055
84,0.06611975,0.06450353,0.12974509,0.09337612,0.10247984,0.344892995,0.070500605,0.12838207
85,0.08672109,0.038038385,0.09375609,0.13936419,0.08636684,0.281106125,0.09131869,0.18332859
86,0.082734545,0.12164919,0.15785429,0.09532256,0.11245763,0.297607175,0.05003771,0.0823369
87,0.056106465,0.053786855,0.085796005,0.028267695,0.24797427,0.33027734,0.043340795,0.154450575
88,0.064352325,0.153699155,0.10988482,0.13440757,0.05945739,0.245465825,0.1328116,0.099921315
89,0.016629175,0.051489155,0.14300649,0.11679171,0.082742345,0.41118164,0.09549801,0.082661475
90,0.053962865,0.09117876,0.11403126,0.129495495,0.07653009,0.278303165,0.083415695,0.17308267
91,0.01897654,0.089594335,0.136876805,0.138040315,0.14702815,0.299106465,0.072125505,0.098251885
92,0.082502955,0.047594925,0.106697595,0.06110237,0.06192217,0.33506307,0.052493225,0.25262369
93,0.115423135,0.021708115,0.161496465,0.18044813,0.040618785,0.33330313,0.052245455,0.094756785
94,0.01291547,0.066140855,0.08107954,0.095250715,0.188048675,0.29651576,0.083337605,0.17671138
95,0.105145895,0.03526313,0.18277963,0.062082075,0.063167535,0.323643175,0.08154148,0.14637708
96,0.013077965,0.03978771,0.06730064,0.214292765,0.12065007,0.322935925,0.033168295,0.18878663
97,0.049682675,0.10709519,0.182825835,0.138924515,0.0973604,0.27024278,0.04972992,0.104138685
98,0.016058785,0.042400255,0.164023175,0.113076105,0.08833807,0.368885945,0.089366485,0.11785118
99,0.041123465,0.105854485,0.11835313,0.055033445,0.108499325,0.257058155,0.08316762,0.230910375
100,0.068448365,0.079797565,0.169106005,0.04845257,0.065333265,0.27133037,0.06161168,0.23592018
101,0.11589764,0.13493045,0.07877345,0.058781735,0.106315455,0.3569073,0.046411375,0.101982595
102,0.045490355,0.223183325,0.107718605,0.07339932,0.08003597,0.213000685,0.0730083,0.18416344
103,0.107936835,0.09593018,0.109663285,0.123491875,0.04314417,0.25878323,0.0846422,0.176408225
104,0.03628032,0.11732664,0.19562899,0.089481795,0.207828175,0.249343395,0.07177389,0.032336795
105,0.089896425,0.027226825,0.10147762,0.150740575,0.103196355,0.37402062,0.011645735,0.141795845
106,0.035096145,0.1012862,0.192328865,0.07116877,0.086136435,0.235612615,0.142925335,0.135445635
107,0.079376535,0.061276005,0.103835655,0.107742055,0.081157865,0.35235498,0.086465545,0.12779136
108,0.092390585,0.090519245,0.16402572,0.08871438,0.109911245,0.340865815,0.046778925,0.066794085
109,0.096187015,0.08585195,0.14480991,0.033672,0.06267425,0.25114969,0.19922348,0.126431705
110,0.045390145,0.063334285,0.15959762,0.053150695,0.148621955,0.276372605,0.04489221,0.208640485
111,0.12583059,0.045654565,0.18229534,0.13948068,0.026205405,0.38355243,0.009318465,0.087662525
112,0.061637035,0.04704743,0.128012365,0.077708725,0.14116402,0.41104886,0.02788434,0.105497225
113,0.098267115,0.0988942,0.09115399,0.05931569,0.09682339,0.287225715,0.043078195,0.225241705
114,0.08793508,0.08873081,0.08620464,0.089433545,0.07671593,0.2805874,0.060675455,0.22971714
115,0.05633593,0.060629985,0.08534203,0.127292435,0.089878435,0.30277979,0.10533785,0.172403545
116,0.037167765,0.06711371,0.12568147,0.00788416,0.190446185,0.287494175,0.06357936,0.220633175
117,0.087058445,0.036793535,0.170469245,0.08829181,0.11529856,0.260456095,0.095953085,0.145679225
118,0.05888332,0.09669694,0.164799045,0.02599854,0.086002235,0.40598341,0.045399185,0.116237325
119,0.11180939,0.030594705,0.10594639,0.20341922,0.044204545,0.33237294,0.045553545,0.126099265
120,0.070422135,0.037031375,0.108781275,0.110991105,0.07944411,0.42063083,0.023301145,0.149398025
121,0.03250755,0.116109195,0.065345475,0.093540385,0.198898945,0.219800085,0.00739157,0.266406795
122,0.07510597,0.06198999,0.0860834,0.133774445,0.11333819,0.31136908,0.0665472,0.151791725
123,0.079654875,0.08045632,0.092262905,0.14492685,0.121723505,0.293676665,0.08149718,0.1058017
124,0.067268375,0.116934125,0.1968376,0.095542735,0.092836595,0.23879113,0.114589305,0.077200135
125,0.064358795,0.07709517,0.179191025,0.099791005,0.07178038,0.315910725,0.02038675,0.17148615
126,0.076609605,0.055549875,0.102615995,0.084445945,0.09693953,0.191382065,0.15691048,0.235546505
127,0.079390815,0.03810802,0.127591075,0.07602519,0.18484708,0.261331345,0.022017585,0.21068889
128,0.11459392,0.0183854,0.090403735,0.060533925,0.134313855,0.391610765,0.10392153,0.08623687
129,0.11393561,0.05697337,0.11213863,0.06189297,0.182646995,0.321678265,0.06749287,0.08324129
130,0.08822038,0.038380295,0.242282375,0.04342197,0.078027945,0.30030052,0.10433826,0.105028255
131,0.11505116,0.02944356,0.07420708,0.035483165,0.138027385,0.406946125,0.013901855,0.18693967
132,0.031848385,0.049344905,0.112727865,0.065573555,0.116712005,0.364765325,0.06738719,0.19164077
133,0.138383835,0.04890783,0.078903695,0.14740571,0.045844055,0.406887275,0.00732943,0.12633817
134,0.040306455,0.081010275,0.113467805,0.1122263,0.04428569,0.38449049,0.06711943,0.157093555
135,0.14135254,0.088422265,0.08550258,0.05130826,0.04834511,0.403372275,0.0756186,0.10607837
136,0.096027935,0.13918767,0.169082745,0.00592565,0.143362765,0.285294075,0.049747995,0.111371165
137,0.122633665,0.08589589,0.163903935,0.059528395,0.090195605,0.273634545,0.051001045,0.15320692
138,0.093945145,0.05570442,0.19015647,0.054736905,0.12478018,0.260036675,0.036924745,0.18371546
139,0.06334082,0.20977849,0.12071977,0.082630175,0.069360245,0.307237025,0.06127334,0.085660135
140,0.05944775,0.06552211,0.10193304,0.11280401,0.105887225,0.254362345,0.044979855,0.255063665
141,0.04057695,0.066229625,0.09962397,0.136230045,0.030167905,0.37464437,0.04141992,0.211107215
142,0.06843533,0.11079068,0.11640481,0.03758093,0.088980285,0.317517815,0.0771016,0.18318855
143,0.080660405,0.01052653,0.18006089,0.17683076,0.082717165,0.183189815,0.062591435,0.223423
144,0.09366618,0.03094434,0.2204899,0.091234215,0.106267995,0.34546047,0.02032375,0.09161315
145,0.05949299,0.015655045,0.128513765,0.09872819,0.23855483,0.342203055,0.01811936,0.098732765
146,0.060446615,0.08464938,0.091671075,0.11663062,0.01852855,0.370475675,0.08048108,0.177117005
147,0.03570499,0.077359035,0.06684721,0.132997855,0.175222785,0.305108995,0.04718597,0.15957316
148,0.105711715,0.069042765,0.049912475,0.054935615,0.17697678,0.36959428,0.039026855,0.134799515
149,0.039420455,0.05590399,0.095453015,0.067271505,0.09840995,0.306487975,0.042273775,0.294779335
150,0.07411084,0.030242825,0.219091565,0.093812405,0.158025005,0.21095435,0.05538178,0.15838123
151,0.10300986,0.05278358,0.101753035,0.09586227,0.090598705,0.298689265,0.14267493,0.114628355
152,0.04832956,0.09592741,0.093509915,0.16020857,0.088925295,0.28029181,0.06794822,0.16485922
153,0.04009255,0.040641525,0.123886385,0.16344385,0.22326319,0.20508827,0.02896677,0.17461746
154,0.037881875,0.085905265,0.085078535,0.09778032,0.064656655,0.351381465,0.02509761,0.252218275
155,0.1323853,0.02747765,0.06409779,0.194920875,0.119993915,0.27141626,0.02721007,0.16249814
156,0.05054983,0.088507815,0.280310605,0.109214085,0.129263345,0.28984457,0.00228936,0.05002039
157,0.04453032,0.02748095,0.18304096,0.0862679,0.11446139,0.3198894,0.07279507,0.15153401
158,0.05331762,0.05064889,0.200013465,0.158462345,0.02090171,0.319497895,0.06370594,0.133452135
159,0.08977487,0.14292185,0.122814695,0.025086255,0.068250435,0.3140069,0.06406694,0.173078055
160,0.16070977,0.05729912,0.154219635,0.03175606,0.062080755,0.323162255,0.02017146,0.190600945
161,0.057533355,0.06438957,0.08858092,0.117879925,0.125963895,0.24550845,0.05997438,0.240169505
162,0.12321442,0.04099209,0.144020965,0.1311779,0.089604965,0.302960475,0.029759675,0.13826951
163,0.13020935,0.16858451,0.0654442,0.051198805,0.020275255,0.279020785,0.06598354,0.219283555
164,0.131141965,0.05671216,0.10827502,0.17671881,0.02644075,0.32394596,0.04484484,0.131920495
165,0.02486793,0.03047631,0.21874454,0.106636825,0.06503615,0.38837798,0.05499436,0.110865905
166,0.062571955,0.07230097,0.08378399,0.101076235,0.172925325,0.28112401,0.087645065,0.13857245
167,0.0485701,0.079164955,0.10001287,0.078224385,0.224499665,0.37076949,0.05018308,0.048575455
168,0.04543903,0.04968699,0.184343855,0.06417241,0.038799155,0.471231295,0.02895741,0.117369855
169,0.054866055,0.13419678,0.08612861,0.134139595,0.03850141,0.41856979,0.030522265,0.103075495
170,0.13369055,0.01093758,0.10386305,0.058296255,0.0926751,0.29543174,0.046321885,0.25878384
171,0.074621565,0.08356861,0.1109721,0.069630945,0.186879235,0.2972647,0.06768662,0.109376225
172,0.079720265,0.02968945,0.10237866,0.08395089,0.08711357,0.446457125,0.12370788,0.04698216
173,0.033092815,0.09239052,0.219435945,0.1779179,0.136481825,0.21510693,0.01607528,0.109498785
174,0.047918975,0.07714482,0.090265275,0.157636735,0.101596015,0.356737565,0.03649097,0.132209645
175,0.03492146,0.076915155,0.19141174,0.106942145,0.097872625,0.340626845,0.03112864,0.12018139
176,0.08917146,0.05554405,0.137364665,0.075260405,0.07361367,0.424568525,0.023875505,0.12060172
177,0.0489198,0.025600925,0.112602285,0.084637055,0.138900505,0.20102435,0.087740075,0.300575005
178,0.10738885,0.130542585,0.142529455,0.064082505,0.08176875,0.280433015,0.00837185,0.18488299
179,0.129272695,0.086351005,0.12288307,0.06217051,0.080379455,0.34676421,0.078875325,0.09330373
180,0.09988469,0.05563906,0.178852545,0.08701838,0.09684079,0.320002025,0.06849451,0.093268
181,0.04229702,0.093336445,0.110088855,0.093472775,0.093531985,0.227862465,0.17804005,0.161370405
182,0.04074165,0.03298671,0.18719445,0.07343096,0.05115991,0.349458065,0.02249969,0.242528565
183,0.059346195,0.06107219,0.15456511,0.13650297,0.13871391,0.289827575,0.07642864,0.08354341
184,0.102824005,0.0771843,0.063580505,0.069674845,0.1148679,0.330740125,0.05132633,0.18980199
185,0.065091675,0.04645342,0.162645465,0.01920235,0.174586205,0.267676785,0.016047355,0.248296745
186,0.03869986,0.05153821,0.226795965,0.14800933,0.050637755,0.374727775,0.02496,0.084631105
187,0.097808355,0.036876155,0.15451129,0.046141565,0.169805965,0.28524957,0.079299445,0.130307655
188,0.095881955,0.11025305,0.148438315,0.085871725,0.141118075,0.234457935,0.06095945,0.123019495
189,0.0344191,0.08215469,0.168465155,0.141448255,0.12996732,0.261033895,0.028765455,0.15374613
190,0.12174149,0.1597861,0.020114965,0.167129525,0.04175537,0.254318365,0.101589645,0.13356454
191,0.04617825,0.032308885,0.098680825,0.0994486,0.123860745,0.34731822,0.06353074,0.188673735
192,0.0744197,0.04035975,0.168756795,0.07966353,0.09301698,0.31198301,0.03243139,0.199368845
193,0.04529675,0.100837775,0.070490585,0.10965032,0.11444907,0.275763885,0.050319515,0.2331921
194,0.04631003,0.01976072,0.14191365,0.06893215,0.0806452,0.404074345,0.04989252,0.188471385
195,0.190031265,0.061438295,0.13460807,0.02998524,0.04006976,0.25964264,0.040698405,0.243526325
196,0.03538395,0.035598555,0.088205235,0.095596925,0.14544952,0.328196415,0.059067985,0.212501415
197,0.03898796,0.101955965,0.11598619,0.152472305,0.04999705,0.327168635,0.01942022,0.194011675
198,0.09448421,0.04567258,0.079012695,0.144642175,0.12269637,0.33264411,0.01065548,0.17019238
199,0.09088195,0.15107248,0.05460991,0.114604315,0.091355115,0.317804295,0.080394975,0.09927696
200,0.18167468,0.05597744,0.157737475,0.084545705,0.081250105,0.28200903,0.016024215,0.14078135
201,0.13347218,0.003012785,0.086383265,0.009607615,0.143526265,0.30949147,0.133710905,0.180795515
202,0.128511025,0.06772187,0.14404626,0.10860961,0.131569005,0.264176445,0.0438819,0.111483885
203,0.043271795,0.071082715,0.17754268,0.132730605,0.053028275,0.34125606,0.021912915,0.159174955
204,0.02242001,0.11162802,0.23306305,0.066112185,0.093210245,0.232127365,0.086697445,0.15474168
205,0.087192575,0.123101605,0.093934115,0.12065126,0.04886679,0.29227989,0.02596901,0.208004755
206,0.085710655,0.036890835,0.16275006,0.038104695,0.134505095,0.29241659,0.087594175,0.162027895
207,0.06793169,0.109418535,0.091844985,0.169751295,0.086191235,0.264760685,0.06832364,0.141777935
208,0.13613661,0.08255928,0.098423235,0.090046045,0.12433959,0.297037095,0.017667495,0.15379065
209,0.071139395,0.10880249,0.17781882,0.055454,0.042069055,0.33531923,0.060020455,0.149376555
210,0.075345155,0.05671095,0.16612739,0.141339055,0.104595115,0.266069475,0.03700112,0.15281174
211,0.04252094,0.094925695,0.16373057,0.05489339,0.16628214,0.29899789,0.036101905,0.14254747
212,0.106024355,0.09431399,0.132007495,0.054668985,0.10884982,0.32506857,0.030148145,0.14891864
213,0.09301252,0.050215725,0.242995735,0.107110595,0.0524771,0.31306232,0.06254859,0.078577415
214,0.1379409,0.080941475,0.11137002,0.126958445,0.066565115,0.21873723,0.10921223,0.148274585
215,0.06924017,0.05561095,0.16711334,0.16905991,0.055276605,0.25153481,0.021480025,0.21068419
216,0.065695545,0.01538386,0.19940032,0.070686275,0.06774381,0.41141756,0.045323075,0.124349555
217,0.06988936,0.044223045,0.16259994,0.04326299,0.11262126,0.356077125,0.085764445,0.125561835
218,0.08760878,0.02897283,0.1332089,0.16168391,0.06040003,0.323824575,0.07435424,0.129946735
219,0.077567975,0.004717505,0.236083685,0.03535361,0.20737247,0.21228101,0.101872435,0.12475131
220,0.02984876,0.073382325,0.168742385,0.132345355,0.080364145,0.284975625,0.064584785,0.16575662
221,0.128019285,0.05416668,0.121949615,0.130358045,0.00273751,0.289051415,0.092696565,0.181020885
222,0.087406695,0.04205292,0.133413485,0.054385805,0.087078745,0.282312875,0.0873517,0.225997775
223,0.127912825,0.135330645,0.1161761,0.081530795,0.05981068,0.26468469,0.026576595,0.18797767
224,0.09853724,0.041656465,0.154490245,0.12342319,0.01478426,0.38929795,0.0720085,0.10580215
225,0.04211284,0.075685985,0.15260064,0.14949548,0.047162625,0.262344955,0.074149895,0.19644758
226,0.07816634,0.125877695,0.091602785,0.109970375,0.071000845,0.208428715,0.037256525,0.27769672
227,0.05186553,0.08308954,0.15909632,0.181406585,0.09497461,0.29952337,0.05273202,0.077312025
228,0.037236255,0.05573443,0.085127775,0.078708725,0.135623185,0.281504875,0.031568075,0.29449668
229,0.019940645,0.060160495,0.256426175,0.15973341,0.07454779,0.299948465,0.07613268,0.05311034
230,0.0,0.05019625,0.145285495,0.098546685,0.07943403,0.336007965,0.051546315,0.23898326
231,0.11920518,0.07675515,0.200027415,0.084209225,0.134605275,0.29313079,0.01520539,0.076861575
232,0.033124545,0.0327125,0.04620934,0.100139085,0.06829853,0.360525625,0.0886175,0.270372875
233,0.07499031,0.10598666,0.170453465,0.06811001,0.09695866,0.237045745,0.05555188,0.19090327
234,0.015624945,0.02127136,0.098337935,0.11144051,0.13729306,0.231387315,0.11671748,0.267927395
235,0.06323497,0.01768285,0.064670245,0.151544575,0.08667155,0.41298107,0.044989995,0.158224745
236,0.04366543,0.032212245,0.073898915,0.169504105,0.122950975,0.384703785,0.01813543,0.154929115
237,0.05010995,0.0701546,0.2051653,0.159029025,0.05933812,0.26984141,0.062213195,0.1241484
238,0.023399685,0.087756945,0.066722995,0.145655555,0.06543108,0.28925969,0.094707555,0.227066495
239,0.08236781,0.064947725,0.102534235,0.129877205,0.134171565,0.293984335,0.088209455,0.10390767
240,0.11296653,0.038546715,0.138001225,0.11365621,0.107382145,0.271026015,0.03891,0.17951116
241,0.05809708,0.0796943,0.10764599,0.168921035,0.044458725,0.261926805,0.06979229,0.209463775
242,0.10366752,0.124208725,0.128199715,0.09057652,0.08736677,0.245463715,0.01718585,0.203331185
243,0.105425535,0.08959784,0.13006786,0.043706865,0.103160725,0.39626153,0.038671225,0.09310842
244,0.105378435,0.107136885,0.16433514,0.077414915,0.05630836,0.34015437,0.02768701,0.121584885
245,0.01293992,0.028732915,0.10430581,0.080818075,0.032604935,0.5659919,0.03483547,0.139770975
246,0.09473793,0.110825485,0.13804455,0.053309515,0.13280629,0.33862123,0.0,0.131655
247,0.05049261,0.059923705,0.1678752,0.07884943,0.187240185,0.32214619,0.065931,0.06754168
248,0.063468405,0.12757954,0.168754265,0.178095675,0.061483245,0.26769219,0.049602925,0.083323755
249,0.066154155,0.14167282,0.13377968,0.087413725,0.04370901,0.295387145,0.07882056,0.153062905
250,0.05766127,0.09067959,0.103116055,0.03977128,0.15758471,0.30820252,0.11835907,0.124625505
251,0.08260245,0.006765935,0.03777677,0.027558375,0.159627085,0.40829591,0.089719365,0.18765411
252,0.17149695,0.17097981,0.12430086,0.05418454,0.003305475,0.268765535,0.05100394,0.15596289
253,0.15782877,0.085655465,0.072114415,0.052513965,0.08476778,0.355456895,0.028039655,0.163623055
254,0.090015795,0.017537315,0.20145564,0.0961374,0.10642452,0.29191024,0.02425851,0.17226058
255,0.049657515,0.030489375,0.03972386,0.09138781,0.13920516,0.257692115,0.034993335,0.35685083
256,0.081546315,0.093549105,0.180257355,0.048271165,0.08481956,0.3002353,0.04913168,0.16218952
257,0.02656901,0.06792684,0.141068555,0.1271872,0.12022898,0.317849935,0.041503325,0.157666155
258,0.17966943,0.05887866,0.16607555,0.11756108,0.0513378,0.276122315,0.02151843,0.128836735
259,0.12231298,0.14229373,0.102092835,0.071236415,0.05519048,0.280307965,0.035019275,0.19154632
260,0.05256761,0.056560365,0.17015005,0.07202862,0.15693154,0.189984,0.14751533,0.154262485
261,0.090619225,0.06998376,0.15819924,0.1021284,0.00919476,0.339636165,0.09675448,0.13348397
262,0.01712209,0.0575459,0.19250872,0.13728346,0.018423235,0.40054294,0.063895065,0.11267859
263,0.072469175,0.123093265,0.095185075,0.152813495,0.086520575,0.275789935,0.04741752,0.14671096
264,0.158172355,0.04926549,0.109078555,0.08706735,0.06873183,0.2214378,0.0209928,0.28525382
265,0.055785465,0.043988015,0.15050821,0.11626844,0.195157855,0.313668885,0.02028647,0.10433666
266,0.111219915,0.065493225,0.02606506,0.133772445,0.106867635,0.276570265,0.06813804,0.211873415
267,0.02679426,0.09439268,0.230172395,0.12843986,0.01880593,0.35298422,0.06054031,0.087870345
268,0.08038482,0.03031429,0.09205725,0.089581135,0.07727164,0.27308797,0.027959415,0.32934348
269,0.12059692,0.076185505,0.138944625,0.10546196,0.07324467,0.271522685,0.01319961,0.200844025
270,0.153581845,0.081068665,0.125594635,0.07333343,0.15372579,0.25655626,0.028178585,0.12796079
271,0.086062445,0.048255485,0.12433317,0.048783215,0.071515175,0.341807585,0.03696022,0.242282705
272,0.03549629,0.068243175,0.06163772,0.081228855,0.15094333,0.335926495,0.04931042,0.217213715
273,0.0690771,0.10677607,0.13776151,0.016443375,0.107287665,0.36707709,0.0600852,0.13549199
274,0.122602745,0.10079441,0.21620579,0.04788573,0.08935679,0.292193815,0.031502455,0.099458265
275,0.11911171,0.060039375,0.081687125,0.27957899,0.05922936,0.2150779,0.044161685,0.141113855
276,0.094774305,0.032896265,0.141152955,0.046704035,0.12118451,0.407679365,0.057370035,0.09823853
277,0.089943855,0.0171256,0.1983045,0.168139215,0.097235595,0.28498433,0.00785331,0.136413595
278,0.010848625,0.12841731,0.143901565,0.09564381,0.063352555,0.38031562,0.09464781,0.082872705
279,0.048641155,0.03936136,0.171572295,0.080104515,0.16202196,0.316618125,0.113399715,0.068280875
280,0.12323008,0.14495266,0.15802815,0.043635895,0.12337205,0.25423209,0.04527439,0.107274685
281,0.048931125,0.071268985,0.10276206,0.12318741,0.192501465,0.24288898,0.011496235,0.20696374
282,0.08802576,0.1512898,0.16601828,0.117350145,0.105860625,0.25085861,0.03990665,0.08069013
283,0.03470032,0.052151065,0.13634482,0.071140355,0.11028235,0.32809947,0.050351375,0.216930245
284,0.077390095,0.06117215,0.084327505,0.059041015,0.039917365,0.414139215,0.129816675,0.13419598
285,0.02072977,0.02440949,0.143256435,0.118730635,0.053747395,0.411462095,0.05831891,0.16934527
286,0.03003276,0.25206753,0.1645357,0.0139345,0.04031928,0.236058335,0.058283615,0.20476828
287,0.01991764,0.077997125,0.14218985,0.065463315,0.094801855,0.320913505,0.06692841,0.2117883
288,0.039711885,0.064330285,0.120406405,0.109127605,0.13853606,0.26805716,0.040546735,0.219283865
289,0.107542495,0.05002323,0.07345349,0.16638191,0.10918233,0.382645965,0.034761155,0.076009425
290,0.032296185,0.057450025,0.152477355,0.133292,0.11063285,0.22821564,0.066161405,0.21947454
291,0.083652915,0.07182537,0.19323831,0.1410764,0.07793167,0.24769773,0.07840937,0.106168235
292,0.101597015,0.001162505,0.14174647,0.162738515,0.075637105,0.26174435,0.081360685,0.174013355
293,0.05981489,0.026859935,0.145438155,0.04427384,0.129260865,0.330456585,0.06736334,0.19653239
294,0.12497352,0.111012955,0.093632135,0.098764455,0.10264746,0.233114845,0.021151595,0.214703035
295,0.083344235,0.010320225,0.21692294,0.137344175,0.02886811,0.34371553,0.01346141,0.166023375
296,0.042452675,0.078052,0.16280475,0.12236289,0.06872339,0.29150146,0.067592945,0.16650989
297,0.021652445,0.044083245,0.122557175,0.040418065,0.09828403,0.505094785,0.06578292,0.102127335
298,0.051014485,0.017053545,0.13114073,0.029210515,0.142435825,0.43516549,0.038581105,0.155398305
299,0.035713635,0.06597791,0.14902956,0.12787605,0.196146765,0.27932749,0.0,0.14592859
300,0.121336055,0.13333038,0.10580173,0.067725735,0.141706205,0.22597315,0.01599911,0.188127635
301,0.067593455,0.0828512,0.05552833,0.168329745,0.104533905,0.31335453,0.030430875,0.17737796
302,0.102288535,0.04672467,0.154402165,0.08566235,0.148643885,0.264836955,0.04985983,0.14758161
303,0.10011137,0.12587546,0.06191876,0.16512321,0.09972658,0.31243211,0.002614335,0.132198175
304,0.06331809,0.02249451,0.18297521,0.166828405,0.10708012,0.306244015,0.06058891,0.09047074
305,0.03342226,0.16194339,0.172693555,0.108527615,0.08151019,0.229089275,0.1006472,0.112166515
306,0.054946315,0.059385475,0.142654195,0.090575415,0.15368293,0.36747237,0.00531327,0.12597003
307,0.075832665,0.046781115,0.054984345,0.19392962,0.131742945,0.202920355,0.08524451,0.208564445
308,0.122578105,0.049121475,0.138471375,0.188325395,0.07558844,0.268911415,0.04617251,0.110831285
309,0.125900865,0.07647153,0.23321914,0.023487105,0.10593825,0.20305689,0.046989955,0.184936265
310,0.08116366,0.017412225,0.074616295,0.14793748,0.10589011,0.30984456,0.059138725,0.203996945
311,0.058473985,0.076602005,0.172033805,0.076009985,0.07439067,0.377878325,0.04991321,0.114698015
312,0.157024825,0.01646311,0.082233185,0.075460145,0.16603357,0.27485144,0.11387083,0.114062895
313,0.07882979,0.04554239,0.23252765,0.04056962,0.068225825,0.378218945,0.038295725,0.117790055
314,0.069992335,0.04522227,0.11339739,0.003800285,0.073322645,0.48799919,0.08008342,0.126182465
315,0.084250105,0.022455265,0.176464235,0.05238968,0.147853125,0.251443275,0.095951275,0.16919304
316,0.046383575,0.052461055,0.117708715,0.09304289,0.083636615,0.32743984,0.032544685,0.246782625
317,0.041751715,0.118385975,0.19158149,0.08621332,0.076252795,0.307701465,0.026784,0.15132924
318,0.029307895,0.029293275,0.09147895,0.13717369,0.192179165,0.3723669,0.05017306,0.098027065
319,0.049555215,0.076774735,0.081997845,0.160017615,0.043350805,0.30730379,0.06869225,0.212307745
320,0.08979289,0.025033035,0.174921925,0.051251715,0.065445295,0.387258095,0.03798734,0.168309705
321,0.065397115,0.041578265,0.095005685,0.11132664,0.09300089,0.44589785,0.024265635,0.12352792
322,0.07935014,0.05781136,0.106088435,0.16065194,0.11718217,0.32688617,0.0423885,0.109641285
323,0.12373389,0.056388725,0.17386794,0.03647247,0.08826059,0.288806255,0.07898751,0.15348262
324,0.107024825,0.038459305,0.12961263,0.105181165,0.15328171,0.22642082,0.02510973,0.214909815
325,0.111693895,0.02761754,0.15534386,0.058380315,0.1344591,0.28142189,0.06948371,0.16159969
326,0.0260823,0.095480545,0.124111925,0.129937455,0.11739233,0.33968293,0.0,0.167312515
327,0.071990395,0.078018575,0.254936915,0.07378212,0.09085718,0.322633565,0.00967881,0.09810244
328,0.05528484,0.159800835,0.06414998,0.014723105,0.061567785,0.458550365,0.111216175,0.074706915
329,0.146153435,0.080082065,0.119670215,0.12465918,0.038429865,0.258409595,0.08569421,0.146901435
330,0.082429955,0.068079535,0.094055325,0.008541945,0.04405484,0.33112648,0.12177386,0.24993806
331,0.07322676,0.096949755,0.142753595,0.086899545,0.22020142,0.24095531,0.06675576,0.072257855
332,0.12154738,0.10886431,0.15612947,0.050693505,0.105350565,0.245100715,0.0707755,0.141538555
333,0.05102118,0.045532885,0.136382755,0.15720721,0.03065741,0.34233554,0.04463678,0.19222624
334,0.063460775,0.10538223,0.105980365,0.12901697,0.11011587,0.299855765,0.04358311,0.142604915
335,0.137568705,0.054020415,0.085422535,0.08647489,0.091518775,0.29541847,0.05121079,0.19836542
336,0.079342735,0.079627605,0.133522315,0.07826008,0.1176334,0.20596794,0.04181885,0.263827075
337,0.0931507,0.05976087,0.187033985,0.10770802,0.094555255,0.2520368,0.04415065,0.16160372
338,0.061576625,0.080084195,0.12128214,0.042587825,0.058264635,0.290105285,0.08073745,0.265361845
339,0.09433461,0.02961587,0.13882833,0.07296845,0.05851948,0.39693141,0.0657133,0.14308855
340,0.05136822,0.050350555,0.149466025,0.163540355,0.162162885,0.30173716,0.02049949,0.10087531
341,0.03558479,0.068739645,0.261022755,0.09696098,0.091390665,0.27657762,0.047794375,0.12192917
342,0.12123599,0.019377675,0.075868265,0.062033315,0.10459675,0.396304485,0.023891185,0.196692335
343,0.0601811,0.054144335,0.09033135,0.0981523,0.10376953,0.297039785,0.079859495,0.216522105
344,0.027752665,0.03016753,0.18873466,0.11341817,0.04374201,0.34086092,0.073191015,0.18213303
345,0.20046359,0.075035485,0.14518263,0.08267915,0.0995956,0.203740105,0.07924111,0.11406233
346,0.04013281,0.083533605,0.24933278,0.06957103,0.110882055,0.254608065,0.03773003,0.154209625
347,0.10156016,0.028535065,0.136128005,0.078016305,0.047462245,0.290263515,0.089941685,0.22809302
348,0.064160435,0.020220575,0.19424797,0.070240345,0.096202355,0.316718545,0.06136661,0.176843165
349,0.06558926,0.114998025,0.118523445,0.07770942,0.103303535,0.34637353,0.083363625,0.09013916
350,0.04822215,0.02001478,0.07846081,0.10195932,0.17892974,0.34548968,0.06624335,0.16068017
351,0.03143848,0.10626327,0.146012205,0.02882461,0.06389101,0.380838945,0.07306286,0.16966862
352,0.0549712,0.077166185,0.13154112,0.06971639,0.1418515,0.355949405,0.0434027,0.1254015
353,0.03871509,0.05766968,0.17316681,0.05058348,0.129338485,0.346354715,0.0,0.20417174
354,0.06698009,0.029200865,0.212477475,0.13369456,0.128405475,0.311680005,0.072500005,0.045061525
355,0.12375605,0.023921015,0.136390795,0.053933045,0.13841927,0.24482275,0.0903941,0.188362975
356,0.07298515,0.104520725,0.17031899,0.090785355,0.08650818,0.344348465,0.037794235,0.0927389
357,0.047101705,0.052352715,0.25429232,0.033947315,0.05854537,0.47490096,0.010374165,0.06848545
358,0.08687186,0.025419395,0.060241765,0.10941017,0.14489379,0.25009463,0.07943813,0.24363026
359,0.095087445,0.08540861,0.246398975,0.08582966,0.05664116,0.26402579,0.03100706,0.1356013
360,0.100695935,0.082284015,0.076142815,0.09966933,0.147114775,0.332161615,0.012322865,0.14960865
361,0.04240721,0.048629535,0.13852109,0.052744065,0.117923715,0.374866365,0.11164292,0.1132651
362,0.154429415,0.021859445,0.15134386,0.10299761,0.110012745,0.26409066,0.05538842,0.139877845
363,0.03588641,0.09277081,0.10296924,0.089586345,0.039195665,0.393768955,0.027305175,0.2185174
364,0.11432337,0.115087695,0.157427445,0.04441295,0.04522903,0.365577255,0.052346965,0.10559529
365,0.03377665,0.14230033,0.202702865,0.19345301,0.086697855,0.240979655,0.004551435,0.0955382
366,0.132037755,0.174097695,0.095191035,0.04195841,0.15676525,0.187581735,0.05402081,0.15834731
367,0.055751645,0.051028265,0.08749379,0.077126875,0.080393455,0.394878025,0.07850082,0.174827125
368,0.050496565,0.02994833,0.168274075,0.07545786,0.067285505,0.306650735,0.08843022,0.21345671
369,0.09932881,0.03130504,0.156577405,0.10135458,0.083681095,0.325225955,0.04394125,0.158585865
370,0.12819413,0.103609475,0.100896025,0.081706605,0.13323808,0.297396905,0.02797414,0.12698464
371,0.06533143,0.08636214,0.07506287,0.14895745,0.0611772,0.291763815,0.099457975,0.17188712
372,0.063058215,0.07408266,0.14215124,0.111382535,0.101413235,0.241272785,0.045513005,0.221126325
373,0.075009025,0.068811355,0.124602385,0.08990119,0.138928165,0.31636423,0.06894424,0.11743941
374,0.07530649,0.117665175,0.131752505,0.08322352,0.064231585,0.350786285,0.042109175,0.134925265
375,0.09032407,0.082886635,0.17412265,0.113356845,0.05656136,0.36141139,0.02955502,0.09178203
376,0.025855525,0.05484823,0.101371075,0.178094635,0.093053455,0.350184075,0.056301905,0.1402911
377,0.170330895,0.020856125,0.10874798,0.05644777,0.093274965,0.30025002,0.08785332,0.162238925
378,0.04740611,0.07909812,0.20507751,0.115534445,0.069275705,0.356573905,0.054879475,0.07215473
379,0.041260025,0.06734408,0.092159125,0.066069085,0.16089268,0.24454113,0.115893085,0.21184079
380,0.090857015,0.05464911,0.1846768,0.13018888,0.0603542,0.25381533,0.06464578,0.160812885
381,0.15784252,0.123519885,0.08726892,0.067690875,0.03819781,0.312885175,0.0301018,0.182493015
382,0.11212032,0.052814305,0.09495226,0.09594565,0.060521,0.40063386,0.036614955,0.14639765
383,0.13786874,0.094128395,0.160612075,0.040871,0.14144172,0.223593335,0.06776267,0.133722065
384,0.051790615,0.06922447,0.10445629,0.067315865,0.099977575,0.388946445,0.085361575,0.132927165
385,0.022457875,0.115974325,0.140168925,0.06567289,0.100135975,0.37780651,0.10664328,0.07114022
386,0.10051292,0.09567253,0.02976392,0.12185736,0.07865822,0.35636456,0.03499239,0.1821781
387,0.15515913,0.078005345,0.17889103,0.114511815,0.05484681,0.23959094,0.08063636,0.09835857
388,0.15109349,0.03543298,0.100092195,0.027369685,0.09294157,0.292741095,0.123805105,0.17652388
389,0.065124075,0.06908011,0.288289415,0.015302675,0.08176172,0.303055675,0.12655334,0.05083299
390,0.076338965,0.046408655,0.111985095,0.116856935,0.10124179,0.356177515,0.026852105,0.16413894
391,0.03166243,0.068552455,0.1698802,0.021907995,0.144411115,0.366627705,0.09264511,0.10431299
392,0.06879921,0.047897135,0.06252493,0.123041145,0.14757538,0.34341099,0.01118375,0.19556746
393,0.109146505,0.165231405,0.102699075,0.10577248,0.080323425,0.25799808,0.08789938,0.09092965
394,0.087544395,0.125533025,0.090039965,0.098777695,0.07354552,0.339618905,0.076429505,0.10851099
395,0.060550925,0.07876905,0.13503481,0.04140292,0.11788308,0.388338895,0.034024885,0.143995435
396,0.090077755,0.019225105,0.21270446,0.059679935,0.132345185,0.266630435,0.035743275,0.18359385
397,0.09469877,0.118442725,0.12130138,0.127323755,0.12011335,0.223640495,0.08670635,0.107773175
398,0.05322778,0.020933235,0.228061085,0.06844928,0.07388103,0.364047395,0.049456745,0.14194345
399,0.076737885,0.078761825,0.14827594,0.11989362,0.130143415,0.311662565,0.012438015,0.122086735
400,0.098356595,0.12951111,0.185778105,0.05982903,0.06109866,0.31559598,0.02023491,0.12959561
401,0.17685252,0.061363685,0.18312926,0.069049875,0.03096284,0.276626245,0.139017915,0.06299766
402,0.03300461,0.176084855,0.09180287,0.006010285,0.11644781,0.39748014,0.12136922,0.05780021
403,0.131548955,0.041573755,0.068370015,0.164042525,0.02877482,0.25954948,0.089136775,0.217003675
404,0.080668655,0.09316429,0.0494254,0.10642168,0.101392405,0.355346605,0.10533602,0.108244945
405,0.244760995,0.069008505,0.16484424,0.041515595,0.111139345,0.19281275,0.07752766,0.09839091
406,0.0791998,0.132540655,0.14617336,0.154799625,0.050923475,0.238465045,0.03665617,0.16124187
407,0.1299273,0.052084855,0.166356365,0.07793298,0.09883268,0.23519813,0.082642065,0.157025625
408,0.075920375,0.07394071,0.198835965,0.056648745,0.13194479,0.26949663,0.086404435,0.10680835
409,0.02112581,0.049939985,0.154846515,0.07224463,0.1926036,0.242286915,0.049460645,0.2174919
410,0.055504175,0.08176103,0.103796055,0.15813355,0.15304335,0.25802125,0.04888619,0.1408544
411,0.099380065,0.08605305,0.16172223,0.062819215,0.050278215,0.371000815,0.108484145,0.060262265
412,0.07512819,0.089021355,0.08838414,0.12451458,0.04669869,0.401985795,0.045052285,0.129214965
413,0.05148976,0.036450885,0.12991164,0.14674042,0.144612965,0.32515424,0.03782825,0.12781184
414,0.053141725,0.052900885,0.159094665,0.07720792,0.09061114,0.32301156,0.030498935,0.21353317
415,0.104734655,0.10812083,0.05158476,0.11258755,0.06184927,0.34860224,0.059632475,0.15288822
416,0.1109526,0.11447326,0.125822965,0.073640805,0.082703505,0.343392435,0.00568071,0.14333372
417,0.191719505,0.02753603,0.113402015,0.084909225,0.132406575,0.32976045,0.02797403,0.09229217
418,0.153911665,0.07588674,0.113953375,0.075240265,0.039992565,0.336189155,0.11394033,0.090885905
419,0.100796605,0.0447742,0.21699096,0.08359753,0.06038666,0.31761943,0.048141365,0.12769325
420,0.08264694,0.014609045,0.15373042,0.064980685,0.04213409,0.329932365,0.016004745,0.29596171
421,0.14890635,0.06501722,0.18051963,0.111449545,0.0343346,0.275717635,0.06537846,0.11867656
422,0.114037645,0.178978025,0.11798515,0.112407005,0.052712645,0.268820265,0.067682965,0.0873763
423,0.045885245,0.14646033,0.06692949,0.135063405,0.112430595,0.31493947,0.026195415,0.15209605
424,0.065370955,0.021564275,0.05873001,0.17446795,0.219056505,0.24170722,0.046868435,0.17223465
425,0.11728139,0.09383616,0.180176435,0.120281085,0.021299245,0.279341115,0.046412355,0.141372215
426,0.09175443,0.113533615,0.148186705,0.05130463,0.076503975,0.30537599,0.096697495,0.11664316
427,0.11068931,0.04602891,0.13083242,0.080760645,0.08554763,0.30325532,0.08816638,0.154719385
428,0.071002285,0.109147495,0.08873376,0.125305685,0.06126621,0.398820985,0.056235055,0.089488525
429,0.05636953,0.08791063,0.0873937,0.17142178,0.045149285,0.336787825,0.062234735,0.152732515
430,0.0673901,0.22228498,0.102098005,0.05515045,0.12559232,0.29819665,0.007052175,0.12223532
431,0.101438335,0.078816175,0.17759095,0.079580025,0.07999816,0.23869278,0.09641248,0.147471095
432,0.04252587,0.03045092,0.250333665,0.063482155,0.072607415,0.354863155,0.076705945,0.109030875
433,0.044030155,0.07424265,0.2414749,0.1071667,0.0907544,0.263398335,0.022949395,0.155983465
434,0.065156255,0.05019006,0.131512495,0.104176175,0.107944175,0.310290385,0.058137065,0.17259339
435,0.0656346,0.07369738,0.126214315,0.080492735,0.07455111,0.39334311,0.05947528,0.12659147
436,0.04969197,0.083481195,0.081011305,0.115601545,0.072816575,0.21218215,0.082478535,0.302736725
437,0.06827701,0.09980987,0.111870665,0.110968345,0.13908636,0.26688117,0.069204215,0.133902365
438,0.134745355,0.02529275,0.13668135,0.066763065,0.15195742,0.203377215,0.034219885,0.24696296
439,0.037595575,0.106661255,0.125193385,0.07219862,0.19133126,0.34703866,0.035434225,0.08454702
440,0.10307343,0.1118449,0.16724557,0.056573515,0.122221885,0.278309795,0.06422202,0.096508885
441,0.04917294,0.07192167,0.139827195,0.054207355,0.111344325,0.35423829,0.06845774,0.150830485
442,0.08407491,0.04738845,0.10942169,0.171092385,0.093911285,0.23798826,0.04328867,0.21283435
443,0.125128715,0.05986272,0.0879582,0.17398454,0.09415245,0.34718307,0.01278799,0.098942315
444,0.13021594,0.036106165,0.18572976,0.02433323,0.13245535,0.32228326,0.12117531,0.047700985
445,0.083701205,0.1109881,0.164384475,0.07669331,0.03561233,0.321925075,0.034598025,0.17209748
446,0.086605705,0.086039355,0.21044428,0.07487232,0.050592365,0.252222375,0.034768965,0.204454635
447,0.06115692,0.033197095,0.156121445,0.09437541,0.14760406,0.294889565,0.18289199,0.029763515
448,0.058569505,0.11011692,0.12517901,0.11122179,0.069027375,0.25549566,0.077028475,0.193361265
449,0.162931525,0.0617084,0.12338002,0.01330115,0.199599685,0.19451537,0.1044333,0.14013055
450,0.083830555,0.07917494,0.12684131,0.067657495,0.099104045,0.351319075,0.06149593,0.13057665
451,0.04142911,0.12148067,0.132713975,0.128755105,0.16326986,0.210358745,0.09002437,0.111968165
452,0.055025755,0.0517133,0.20453515,0.12654953,0.04338291,0.216622145,0.052471145,0.249700065
453,0.076925395,0.01607871,0.14634691,0.089334585,0.114202885,0.26974199,0.161419195,0.12595033
454,0.05244822,0.062184515,0.20411267,0.17316322,0.13129549,0.195475915,0.033643305,0.147676665
455,0.12790504,0.08951798,0.18797475,0.11048015,0.08290161,0.182846725,0.08896383,0.129409915
456,0.068410715,0.01570557,0.12960343,0.13489177,0.11377986,0.203204905,0.155929295,0.178474455
457,0.11232126,0.093133475,0.11177583,0.06959048,0.16754857,0.3085841,0.05061703,0.086429255
458,0.07309977,0.00710137,0.108596795,0.088129665,0.12836662,0.311395705,0.0508768,0.232433275
459,0.068458395,0.04351364,0.1043715,0.0644735,0.02419053,0.31261202,0.128083615,0.2542968
460,0.070620955,0.089865285,0.1625149,0.076281555,0.102319735,0.269651505,0.05507101,0.173675055
461,0.06379072,0.018365445,0.181862295,0.14463796,0.05988537,0.304520985,0.07551949,0.151417735
462,0.162940545,0.02135833,0.089343905,0.1160205,0.06377638,0.33834902,0.061666095,0.146545225
463,0.048231645,0.04934206,0.161362725,0.05211951,0.124968655,0.377533955,0.081792225,0.104649225
464,0.088281805,0.073128335,0.22035592,0.08148449,0.077979695,0.28488091,0.06452062,0.109368225
465,0.187277885,0.035259465,0.095930845,0.09798474,0.09799421,0.29290501,0.076255315,0.11639253
466,0.144663975,0.1135906,0.152993895,0.084969865,0.136230985,0.238707755,0.03981925,0.089023675
467,0.04388299,0.037875585,0.115389355,0.08366228,0.144232325,0.31962827,0.007571235,0.24775796
468,0.079182155,0.069469915,0.17861193,0.1678314,0.059974105,0.31301129,0.079708535,0.05221067
469,0.07907309,0.078055345,0.06520963,0.03336835,0.091476905,0.52230279,0.04193556,0.08857833
470,0.036119035,0.122443565,0.181209965,0.126339215,0.096420305,0.31459962,0.058751305,0.06411699
471,0.130093095,0.157688805,0.14462937,0.08395002,0.086247145,0.280647475,0.01905303,0.09769106
472,0.08369375,0.029989385,0.093631525,0.1244861,0.088678525,0.268539925,0.08802774,0.22295305
473,0.052656805,0.11581374,0.089236025,0.071368075,0.15358625,0.3480267,0.01691495,0.152397455
474,0.034237145,0.19460178,0.09846891,0.10974259,0.152427905,0.27450707,0.058949,0.0770656
475,0.054890685,0.05820903,0.107834055,0.062882535,0.20400959,0.29110235,0.06342975,0.157642005
476,0.10920878,0.07950154,0.145519945,0.20155513,0.065367675,0.257356775,0.04713119,0.094358965
477,0.065784275,0.0617552,0.138917415,0.13886188,0.11979556,0.300203225,0.061922715,0.11275973
478,0.05670536,0.04513409,0.148256985,0.07210933,0.09732509,0.343791785,0.02564597,0.21103139
479,0.05697414,0.108526095,0.068294535,0.038790425,0.11385096,0.40312062,0.120622475,0.08982075
480,0.114766745,0.025248005,0.271205035,0.048408665,0.098764895,0.2458762,0.099768025,0.09596243
481,0.130579415,0.09211968,0.131031495,0.078581345,0.025982805,0.35047441,0.08529308,0.10593777
482,0.03052015,0.080569435,0.167680755,0.036988365,0.11401645,0.35903094,0.018950245,0.19224366
483,0.07243451,0.055415305,0.103804725,0.062089035,0.145181585,0.37030715,0.0484676,0.14230009
484,0.061998835,0.08033047,0.1740541,0.06558466,0.027862265,0.31217799,0.117819375,0.160172305
485,0.104662365,0.007971485,0.171431335,0.03012164,0.13246238,0.39704093,0.02299701,0.133312855
486,0.109189335,0.064744125,0.066014625,0.10391979,0.04351506,0.30616197,0.14392674,0.162528355
487,0.07159738,0.011564685,0.095899335,0.15014946,0.075263385,0.378946125,0.089490525,0.127089105
488,0.065668985,0.04041466,0.176495035,0.13742173,0.1232208,0.258287375,0.01661466,0.181876755
489,0.07963873,0.044043155,0.2454557,0.0880222,0.08465727,0.237590345,0.08014693,0.14044567
490,0.12474952,0.09015079,0.152877605,0.08281555,0.12057587,0.29890399,0.066217035,0.06370964
491,0.099220865,0.04417608,0.12889809,0.06810588,0.115903175,0.200851435,0.09806188,0.244782595
492,0.0472336,0.065115075,0.172592445,0.01236954,0.1199582,0.34733154,0.10458497,0.13081463
493,0.048201935,0.05446768,0.164944035,0.05777503,0.21469826,0.294469795,0.065003295,0.10043997
494,0.043558745,0.02432912,0.08886965,0.107429065,0.116507655,0.40412978,0.05032798,0.164848005
495,0.05095807,0.08415054,0.152586665,0.03585463,0.16421374,0.31468548,0.036686445,0.16086443
496,0.136941345,0.131751755,0.05629735,0.031491245,0.123190895,0.356988065,0.00500096,0.158338385
497,0.10491308,0.067525685,0.07160885,0.184694395,0.14054871,0.183351525,0.06436609,0.182991665
498,0.071725105,0.060727515,0.084212925,0.0995442,0.10339647,0.37186886,0.01625112,0.192273805
499,0.04196261,0.04292739,0.08289666,0.077790585,0.15906779,0.396921835,0.026520055,0.171913075
500,0.09389557,0.088176195,0.11889392,0.09491506,0.06700634,0.328120495,0.028861435,0.180130985
501,0.129260455,0.06436516,0.100970195,0.18514496,0.094775915,0.21070601,0.030547885,0.18422942
502,0.098038215,0.09767044,0.084796315,0.087081635,0.144981415,0.307903015,0.073965675,0.10556329
503,0.06231077,0.09916779,0.15535773,0.06344142,0.142869435,0.20671592,0.032265295,0.23787164
504,0.13852379,0.12317615,0.12767597,0.10387586,0.038988025,0.227910145,0.05839239,0.18145767
505,0.040304105,0.01686949,0.122339795,0.075964265,0.179850015,0.35474477,0.01213547,0.19779209
506,0.057043065,0.01751268,0.1570124,0.10570407,0.13778094,0.381005745,0.07101354,0.07292756
507,0.11497955,0.038139245,0.163547525,0.03748377,0.155898385,0.345547685,0.03598765,0.10841619
508,0.10228967,0.059363685,0.13805251,0.12823701,0.12095132,0.308226675,0.00010994,0.14276919
509,0.03334247,0.001081835,0.08989627,0.09523586,0.098692025,0.41228081,0.04762351,0.22184722
510,0.026489695,0.096977165,0.083274405,0.15300242,0.05372275,0.31784872,0.072819725,0.19586512
511,0.064310675,0.07646815,0.128755305,0.126542275,0.122682505,0.189519055,0.08219119,0.209530845
512,0.113664105,0.045320715,0.18833651,0.13768996,0.06646667,0.283030685,0.06088475,0.104606605
513,0.08538787,0.0565544,0.07037487,0.04259573,0.167438495,0.34916856,0.05292255,0.175557525
514,0.05377371,0.16416731,0.11804207,0.014775755,0.052243475,0.3835778,0.107438495,0.105981385
515,0.121271935,0.036458465,0.1822917,0.077368485,0.075121965,0.30419418,0.081011445,0.122281825
516,0.120788435,0.068297425,0.15558363,0.102265965,0.143990975,0.23833702,0.050135635,0.120600915
517,0.121589275,0.02670165,0.200148445,0.090116915,0.105816925,0.25150352,0.07727303,0.12685024
518,0.123353045,0.033876315,0.13352597,0.12871797,0.03595963,0.338726055,0.07107666,0.134764355
519,0.0763405,0.0095067,0.13010947,0.086195545,0.162959955,0.361003415,0.047680225,0.12620419
520,0.11861278,0.073346115,0.04105395,0.152101505,0.0781862,0.28512836,0.03056522,0.22100587
521,0.07094982,0.018384435,0.07585886,0.069970665,0.13184575,0.34570657,0.050347725,0.236936175
522,0.10521463,0.00496728,0.285533225,0.068170475,0.08753127,0.27832839,0.07601786,0.09423687
523,0.17423204,0.084049695,0.12283744,0.092934045,0.116048065,0.232966725,0.03233988,0.14459211
524,0.037282135,0.11068121,0.144958205,0.10381626,0.122955005,0.2428646,0.069603765,0.16783882
525,0.11980531,0.057445825,0.12191267,0.09468455,0.115015515,0.29917365,0.055660175,0.136302305
526,0.04831181,0.09145567,0.11159502,0.12834268,0.08355579,0.303462955,0.0754067,0.157869375
527,0.08100674,0.0904497,0.08047608,0.085615965,0.11215047,0.32097126,0.04710796,0.182221825
528,0.053266225,0.0467706,0.150650075,0.097485205,0.112684895,0.301517025,0.089223495,0.14840248
529,0.142586235,0.047490445,0.160573305,0.113918575,0.04005117,0.2111283,0.13841645,0.14583552
530,0.10015794,0.11794048,0.109654245,0.112655645,0.085832265,0.212331015,0.104841905,0.156586505
531,0.050203935,0.08956117,0.09246496,0.09642551,0.081967465,0.471833695,0.03094953,0.086593735
532,0.121933405,0.11682624,0.154890735,0.02830237,0.109565385,0.37560143,0.02529221,0.067588225
533,0.048107165,0.02641674,0.06709679,0.055473545,0.14301091,0.3078828,0.037368005,0.314644045
534,0.0395304,0.038753175,0.125427195,0.15800498,0.07909677,0.370879845,0.12699954,0.061308095
535,0.045408775,0.05001145,0.093237985,0.07047227,0.148461985,0.40667483,0.070455475,0.11527723
536,0.07706729,0.020050365,0.103489555,0.07516106,0.199403795,0.294916125,0.00787906,0.22203275
537,0.06121726,0.04093097,0.11292545,0.135027845,0.04612253,0.29918216,0.10505877,0.199535015
538,0.19052753,0.097490075,0.078180225,0.147933565,0.023306435,0.222162725,0.05336067,0.187038775
539,0.097993735,0.02787741,0.165497195,0.03162926,0.044472965,0.318208535,0.14872884,0.16559206
540,0.050160895,0.061981775,0.11776487,0.090297915,0.02089098,0.47864164,0.066787045,0.11347488
541,0.15270727,0.007208605,0.11962538,0.02323339,0.115361105,0.423535605,0.078638315,0.07969033
542,0.05721942,0.0566603,0.1178818,0.08213545,0.042621545,0.258419915,0.18353791,0.20152366
543,0.119037765,0.088412675,0.14101248,0.07530648,0.09330111,0.3224027,0.028980245,0.131546545
544,0.11459018,0.08432993,0.076050055,0.150427425,0.038946265,0.384451635,0.00866559,0.14253892
545,0.14656011,0.053875425,0.079293455,0.15607355,0.156491515,0.27066011,0.02162186,0.115423975
546,0.12492971,0.0448966,0.08644362,0.105879665,0.06858466,0.280423575,0.04391959,0.24492258
547,0.038592205,0.132188215,0.085108225,0.147674485,0.087522235,0.262187125,0.08913162,0.15759589
548,0.082989165,0.04719995,0.176692075,0.076109705,0.16912171,0.24849159,0.101647535,0.09774827
549,0.084377365,0.08912389,0.22030392,0.03185678,0.112406585,0.252298175,0.02485549,0.184777795
550,0.07726354,0.139752175,0.13996095,0.103348415,0.096897635,0.24333733,0.09868633,0.100753625
551,0.17438579,0.0402502,0.16687934,0.08217084,0.02363853,0.353519585,0.060122005,0.09903371
552,0.033494485,0.034135655,0.29904016,0.029683305,0.04346184,0.34952539,0.098997795,0.11166137
553,0.01622217,0.07275897,0.131436885,0.093886105,0.059271995,0.342118685,0.05994035,0.22436484
554,0.16811725,0.048279065,0.07845995,0.117932245,0.11235086,0.283383275,0.05160641,0.139870945
555,0.05974564,0.060723455,0.171423765,0.113510285,0.060120555,0.308856975,0.055020545,0.17059878
556,0.078811665,0.11849179,0.052940895,0.042979145,0.12393699,0.33094161,0.07003782,0.181860085
557,0.09019329,0.12894122,0.174208955,0.032320015,0.04709773,0.3549384,0.070476925,0.101823465
558,0.129631785,0.0857674,0.06092701,0.128155,0.121252375,0.285460855,0.021566605,0.16723897
559,0.04380879,0.04118277,0.13766372,0.08767588,0.190100945,0.35283824,0.0375802,0.109149455
560,0.067347355,0.04832858,0.21105886,0.11145398,0.047716685,0.384908215,0.003597625,0.1255887
561,0.11007233,0.067026015,0.09427798,0.116067905,0.06932606,0.306364545,0.03879459,0.198070575
562,0.178947625,0.087960515,0.100407155,0.101833265,0.028521365,0.294713725,0.091774745,0.115841605
563,0.08091669,0.03615866,0.14578113,0.05153528,0.118965575,0.297251315,0.116718875,0.152672475
564,0.1293029,0.018607235,0.10568642,0.098290175,0.042639655,0.37211577,0.12631407,0.107043775
565,0.154976945,0.0492959,0.16107521,0.140157665,0.02273703,0.277110815,0.046850815,0.14779562
566,0.15662877,0.03274895,0.185491835,0.034340565,0.06891012,0.290765785,0.059708885,0.17140509
567,0.045873875,0.07741328,0.189351365,0.10293729,0.17649491,0.26635569,0.046191245,0.095382345
568,0.0806872,0.046721855,0.20572597,0.10014431,0.092596405,0.379599555,0.011033345,0.08349136
569,0.00946695,0.0506845,0.15537497,0.06111139,0.049562075,0.457271755,0.094121605,0.122406755
570,0.082593615,0.05647619,0.194861535,0.065580725,0.100511065,0.29491409,0.115398955,0.089663825
571,0.08227807,0.01795119,0.219013185,0.04523126,0.141421875,0.29330992,0.076205985,0.124588515
572,0.08519288,0.047956675,0.12153719,0.10470432,0.16475895,0.256938535,0.072000865,0.146910585
573,0.09099006,0.0570075,0.118968085,0.10296015,0.031409155,0.334935395,0.06230836,0.201421295
574,0.02527585,0.15861319,0.09368172,0.05726865,0.10649772,0.324237205,0.09408398,0.140341685
575,0.07217986,0.06214272,0.164808245,0.0476421,0.11289387,0.36506257,0.04844294,0.126827695
576,0.061941115,0.055025,0.09292363,0.053032055,0.080973065,0.358090005,0.175630925,0.122384205
577,0.044663985,0.08904393,0.12917156,0.055653545,0.096916555,0.287149675,0.098435085,0.198965665
578,0.140838585,0.1081127,0.1149327,0.129357085,0.009462685,0.340720365,0.0196776,0.13689828
579,0.083154595,0.05948101,0.13021416,0.105979485,0.140306065,0.23790684,0.13027323,0.112684615
580,0.026364835,0.027883325,0.23826905,0.125629215,0.012488835,0.332451845,0.05105365,0.185859245
581,0.123951525,0.014924795,0.175175805,0.0633855,0.094309465,0.312044525,0.040604065,0.17560432
582,0.04453511,0.07686935,0.074665925,0.23314017,0.141718525,0.21285861,0.018405615,0.197806695
583,0.03259983,0.060419315,0.1982665,0.116425155,0.131670715,0.25150739,0.09391508,0.115196015
584,0.076054155,0.03270705,0.099831355,0.02095454,0.176221025,0.271655645,0.06808458,0.25449165
585,0.1117137,0.057080325,0.1863336,0.05485334,0.087331805,0.130417495,0.070844715,0.30142502
586,0.087305005,0.02281154,0.233370525,0.06763711,0.06130568,0.31614354,0.08160938,0.12981722
587,0.073639075,0.099694075,0.187762635,0.028830605,0.05439408,0.3777696,0.06896653,0.1089434
588,0.0554425,0.060386,0.161074615,0.07900439,0.103394035,0.280526785,0.08624246,0.173929215
589,0.062489225,0.05229801,0.086338755,0.213735345,0.09494732,0.313176315,0.047872825,0.129142205
590,0.155071825,0.03767083,0.24832871,0.035493005,0.138831825,0.279615335,0.003956765,0.101031705
591,0.131013905,0.05840626,0.11883008,0.07309266,0.030927795,0.383985045,0.03704616,0.166698095
592,0.12428967,0.07550787,0.183683855,0.09303049,0.021777395,0.266432545,0.010685125,0.22459305
593,0.09333556,0.109156065,0.10311065,0.09332983,0.08003479,0.276117075,0.08953011,0.15538592
594,0.032851585,0.17128568,0.114401505,0.13079141,0.110606365,0.205451135,0.04735503,0.18725729
595,0.022434095,0.136650345,0.094120605,0.10609518,0.08917439,0.301673605,0.04382886,0.20602292
596,0.09361858,0.042382195,0.1407599,0.126069965,0.209758975,0.20122642,0.06198725,0.124196715
597,0.082376795,0.040343425,0.158011055,0.02675559,0.0822907,0.39710429,0.09320605,0.119912095
598,0.076562575,0.031510305,0.109096905,0.078290855,0.183028105,0.34111353,0.05580381,0.124593915
599,0.106946695,0.024529225,0.12404694,0.160897935,0.08502682,0.2933783,0.084558755,0.12061533
600,0.06755418,0.095440075,0.152659435,0.09106756,0.102245535,0.28121792,0.05218702,0.157628275
601,0.09663672,0.030049885,0.177189705,0.09105142,0.10776461,0.2773669,0.03985851,0.18008225
602,0.13120238,0.058913805,0.13214273,0.091241055,0.099703,0.251737085,0.050063425,0.18499652
603,0.0473273,0.02679521,0.146961965,0.05517937,0.12089994,0.334660915,0.044911245,0.223264055
604,0.056116815,0.157622375,0.08982192,0.09313142,0.14671131,0.29896697,0.084354765,0.073274425
605,0.035827175,0.021380935,0.15247262,0.145388255,0.095400965,0.382849745,0.06795211,0.098728195
606,0.117300715,0.08650071,0.21113958,0.063262875,0.194778175,0.242066515,0.02932441,0.05562702
607,0.0306429,0.01368348,0.101950125,0.130516445,0.0419582,0.403426095,0.074945855,0.2028769
608,0.098838185,0.060113135,0.152379205,0.073730085,0.08973084,0.264562005,0.04259194,0.218054605
609,0.033127685,0.095313815,0.133589315,0.167214495,0.028934215,0.389202555,0.03274965,0.11986827
610,0.07982513,0.08412989,0.157472055,0.06089856,0.104958805,0.171736605,0.06539857,0.275580385
611,0.127674245,0.03871379,0.043781435,0.15619438,0.08573462,0.394192235,0.020092455,0.13361684
612,0.05344303,0.075730495,0.14418018,0.039800155,0.15205364,0.237539355,0.06756229,0.229690855
613,0.05419255,0.010796185,0.17008842,0.03136054,0.094189425,0.458969265,0.03203606,0.148367555
614,0.059940015,0.04219181,0.05204097,0.103605725,0.184898395,0.39157093,0.021623615,0.14412854
615,0.120045115,0.05980564,0.146340805,0.146443325,0.10613502,0.2179713,0.098238595,0.1050202
616,0.13026408,0.07134753,0.11621025,0.09384654,0.14400061,0.226697835,0.11477279,0.102860365
617,0.091394445,0.099714415,0.1497107,0.09584081,0.110575745,0.341756675,0.00043667,0.11057054
618,0.068323295,0.019370115,0.16271093,0.0663661,0.099060865,0.37478422,0.015034595,0.19434988
619,0.070315055,0.11039673,0.124548545,0.04393212,0.085126635,0.476205185,0.028544945,0.060930785
620,0.120717205,0.08060306,0.121167405,0.05364201,0.058496785,0.399400645,0.00492997,0.16104292
621,0.08956398,0.102290065,0.08543396,0.07673059,0.117401415,0.31871829,0.0691801,0.1406816
622,0.058935685,0.023009915,0.19997821,0.061955725,0.06060267,0.39780512,0.043880095,0.15383258
623,0.02899779,0.124468365,0.17437549,0.117733325,0.105700875,0.256867505,0.082781775,0.109074875
624,0.140170255,0.045541165,0.102295615,0.097479315,0.130772765,0.204932155,0.088294085,0.190514645
625,0.043456225,0.0801285,0.1531213,0.046407265,0.11313411,0.34039666,0.032710845,0.190645095
626,0.08226826,0.06963675,0.06962299,0.09003581,0.103329155,0.38513569,0.017816665,0.18215468
627,0.13617105,0.061924915,0.10459182,0.081374705,0.108834105,0.30646457,0.11999858,0.080640255
628,0.09103395,0.050612305,0.22752418,0.08583321,0.129975245,0.22089816,0.05756849,0.13655446
629,0.13864886,0.12886365,0.116424625,0.037039605,0.116695075,0.298671765,0.02683661,0.13681981
630,0.05605477,0.11660134,0.190646895,0.094681325,0.095020585,0.24755694,0.034128445,0.1653097
631,0.10435362,0.08519962,0.175881025,0.05368065,0.102131665,0.2486717,0.07630964,0.15377208
632,0.10069143,0.07402022,0.13569177,0.048603425,0.05314294,0.38424701,0.16395388,0.039649325
633,0.07582022,0.114125445,0.135045335,0.050732435,0.08598387,0.26359914,0.078829045,0.19586451
634,0.09427597,0.09776866,0.15362216,0.04277978,0.06678524,0.261313735,0.088289255,0.1951652
635,0.023236555,0.067739725,0.1230296,0.09525493,0.094969995,0.32986848,0.08844331,0.177457405
636,0.03919806,0.106142435,0.111231195,0.02269181,0.04755056,0.27968515,0.184758805,0.208741985
637,0.031139875,0.131437855,0.057957835,0.0530193,0.06106962,0.369154285,0.077965555,0.218255675
638,0.03496306,0.03465851,0.133729285,0.097838545,0.09462904,0.34588859,0.049217205,0.209075765
639,0.135457455,0.016323235,0.1380943,0.123995815,0.059776155,0.376884425,0.02275389,0.126714725
640,0.08372151,0.02476678,0.092464895,0.02938794,0.156125815,0.355386505,0.002001155,0.2561454
641,0.08214016,0.067940925,0.10295639,0.05868328,0.1385025,0.385304815,0.016828745,0.147643185
642,0.11812329,0.09602922,0.11716993,0.06475717,0.106045,0.255927795,0.06873194,0.173215655
643,0.101042665,0.011696185,0.06560122,0.13910421,0.19823474,0.26475104,0.078951135,0.140618805
644,0.19055707,0.050253095,0.21854214,0.10315285,0.08234419,0.235691915,0.025076525,0.094382215
645,0.085350705,0.072191875,0.15354849,0.073063625,0.132334235,0.330671795,0.099368175,0.0534711
646,0.1099036,0.03726763,0.110148895,0.08113168,0.055132915,0.34461725,0.142058625,0.119739405
647,0.064912415,0.117630945,0.190930205,0.12937065,0.071991705,0.36293578,0.001966935,0.060261365
648,0.093202135,0.10426913,0.14444126,0.080937035,0.08851885,0.269242395,0.02593514,0.193454055
649,0.128151015,0.01998592,0.10455057,0.081620745,0.061739535,0.31575135,0.10775369,0.180447175
650,0.071894565,0.05710659,0.115131885,0.072642745,0.104873085,0.31443183,0.05909262,0.20482668
651,0.051367385,0.111779175,0.13000258,0.030909705,0.0889728,0.357838135,0.141537525,0.087592695
652,0.093668575,0.163257275,0.096711465,0.10320691,0.18962699,0.17830476,0.04786698,0.127357045
653,0.08100205,0.09802891,0.113737215,0.090465965,0.09142314,0.380213515,0.014443775,0.13068543
654,0.083442895,0.004639475,0.10267304,0.082016805,0.134941695,0.310857745,0.08757051,0.193857835
655,0.08671681,0.075707245,0.094525735,0.102950375,0.095614645,0.330442025,0.10813009,0.105913075
656,0.063991125,0.09319026,0.16634048,0.15391128,0.11909445,0.26712018,0.033225795,0.10312643
657,0.04027922,0.02960441,0.163606995,0.084289165,0.07033115,0.349454115,0.062159795,0.20027515
658,0.04957324,0.066186625,0.10970263,0.102008785,0.081678755,0.350171825,0.082581825,0.158096315
659,0.19059848,0.041758075,0.101839985,0.0766617,0.10377901,0.354757905,0.04123655,0.089368295
660,0.067642325,0.037725405,0.14950003,0.09504823,0.087828825,0.28302631,0.056511045,0.22271783
661,0.133703025,0.07886447,0.13871106,0.029442035,0.084621505,0.20529767,0.121681675,0.20767856
662,0.04972072,0.077957695,0.136970705,0.05176054,0.03559455,0.36936893,0.0673574,0.21126946
663,0.097856765,0.087317695,0.136867245,0.065620295,0.07129967,0.44022913,0.022556705,0.078252495
664,0.081642375,0.07952957,0.11906652,0.122999975,0.107407915,0.401142595,0.030248135,0.057962915
665,0.05356782,0.04078872,0.140496605,0.093516665,0.1425674,0.338905065,0.064268205,0.12588952
666,0.05931242,0.002606245,0.16178637,0.06026752,0.09109865,0.370644075,0.087713105,0.166571615
667,0.090543285,0.01955832,0.17697223,0.089117215,0.10464707,0.30054002,0.050053665,0.168568195
668,0.036352005,0.084143565,0.12611823,0.065458205,0.19240918,0.32194962,0.031457255,0.14211194
669,0.074559905,0.074515555,0.11046869,0.08720266,0.176242745,0.264933375,0.04827006,0.16380701
670,0.093477345,0.02258798,0.10638669,0.110649085,0.09466534,0.29820427,0.068301155,0.205728135
671,0.11830255,0.014194335,0.164029705,0.046566535,0.182028145,0.248672895,0.02994453,0.196261305
672,0.00593759,0.060510355,0.17231949,0.146742965,0.043903525,0.308646485,0.07174991,0.19018968
673,0.096503685,0.11210127,0.093334235,0.106890745,0.035103795,0.37977974,0.064350865,0.111935665
674,0.09702066,0.028248975,0.11998156,0.10195102,0.109826615,0.36835602,0.04650957,0.12810558
675,0.044188165,0.03775316,0.0867478,0.1381214,0.057561205,0.31640354,0.06493416,0.25429057
676,0.09331205,0.041566265,0.1321726,0.059515605,0.069453775,0.318791495,0.098973555,0.186214655
677,0.114263755,0.15469564,0.05929081,0.16023724,0.048120795,0.290777275,0.02735721,0.145257275
678,0.128670475,0.10029977,0.06684567,0.034968105,0.24937381,0.25524884,0.016668445,0.147924885
679,0.03471591,0.084763255,0.177095225,0.15447117,0.046402205,0.247550235,0.056031915,0.198970085
680,0.22951803,0.031526785,0.183908755,0.061629435,0.07914606,0.222980175,0.078882095,0.112408665
681,0.03586906,0.079815775,0.18844473,0.112697935,0.109861855,0.26415021,0.063203135,0.1459573
682,0.089390785,0.06746256,0.12485149,0.03269357,0.101056265,0.28125996,0.19118591,0.11209946
683,0.06378437,0.069671615,0.079550825,0.080150765,0.13105657,0.30821637,0.04205458,0.225514905
684,0.02280653,0.060491565,0.180551665,0.10390267,0.061529035,0.34543696,0.031522685,0.19375889
685,0.07590451,0.130519465,0.17950992,0.109363055,0.200068575,0.17891677,0.022541915,0.10317579
686,0.04198876,0.06448903,0.18277104,0.08544554,0.212428365,0.26630963,0.055016595,0.09155104
687,0.129359485,0.03734711,0.19088525,0.08124804,0.04304826,0.28240825,0.03372736,0.201976245
688,0.118291565,0.085533705,0.11921177,0.02756235,0.098168685,0.226365735,0.046361835,0.278504355
689,0.077108875,0.052099085,0.15861531,0.117689725,0.031496785,0.381924555,0.049036465,0.1320292
690,0.04559092,0.05912064,0.08241106,0.149042605,0.091842545,0.28855755,0.056115235,0.227319445
691,0.11122051,0.05519041,0.137056415,0.066368955,0.008503945,0.43620886,0.016576655,0.16887425
692,0.10523131,0.03380137,0.09474701,0.081298665,0.16233513,0.258248085,0.085488655,0.178849775
693,0.03947051,0.077343785,0.106720245,0.10438171,0.123473505,0.25573009,0.11452006,0.178360095
694,0.119821965,0.056202415,0.14278004,0.08165957,0.16970241,0.123626305,0.157112485,0.14909481
695,0.157689175,0.05711255,0.097896655,0.08433291,0.141386715,0.247428745,0.027024925,0.187128325
696,0.1051014,0.0424682,0.26711769,0.047027385,0.07140614,0.282789575,0.08453612,0.09955349
697,0.05422061,0.10992168,0.12191433,0.124187065,0.043134675,0.29980249,0.039957995,0.206861155
698,0.061078785,0.023055575,0.17838152,0.10310431,0.15219563,0.302068055,0.02346205,0.156654075
699,0.079090455,0.01839767,0.273128715,0.0511294,0.085151805,0.290762395,0.04908755,0.15325201
700,0.04662843,0.07516066,0.18772372,0.139091075,0.1591149,0.23033925,0.035107135,0.12683483
701,0.047899335,0.07140479,0.146122405,0.152409715,0.06464061,0.25171536,0.07182984,0.193977945
702,0.028144325,0.03291981,0.20316696,0.07404922,0.09714376,0.38296465,0.066752415,0.11485886
703,0.075023715,0.052152865,0.163373865,0.10184122,0.089107785,0.327094835,0.052675005,0.13873071
704,0.05730401,0.09611281,0.22420449,0.08765965,0.099534625,0.19434658,0.04045133,0.200386505
705,0.09249895,0.10487221,0.18661499,0.106291515,0.071361255,0.2275077,0.0,0.21085338
706,0.0871298,0.10228842,0.04732194,0.06773613,0.14037603,0.34242123,0.01875092,0.19397553
707,0.0988999,0.04113338,0.07119831,0.133152895,0.06683436,0.423736225,0.03159015,0.13345478
708,0.057067345,0.04885134,0.12872248,0.039108425,0.10506053,0.43320569,0.031093805,0.156890385
709,0.06218094,0.025719355,0.1576574,0.01795672,0.071372245,0.385668545,0.11082914,0.168615655
710,0.023084375,0.03022609,0.212192515,0.05153351,0.11748056,0.35570505,0.074866585,0.134911315
711,0.172271435,0.06441806,0.12924311,0.167010265,0.08488876,0.23982853,0.015808155,0.126531685
712,0.11192404,0.11636546,0.120215625,0.12141066,0.02492972,0.249514385,0.070454315,0.185185795
713,0.139201805,0.10753472,0.10368105,0.05436356,0.090800245,0.2915895,0.074935355,0.137893765
714,0.138896725,0.090319215,0.123033,0.125586595,0.04695605,0.35997627,0.04430908,0.070923065
715,0.10883931,0.03728331,0.03854415,0.05350478,0.172505965,0.356857025,0.07743949,0.15502597
716,0.122888125,0.05816761,0.135644965,0.15981443,0.07804629,0.305281225,0.035688635,0.10446872
717,0.02285709,0.15252831,0.137126315,0.065167205,0.095282535,0.26290955,0.02905375,0.235075245
718,0.063248325,0.054406955,0.118473565,0.06914491,0.116514985,0.469037095,0.01037214,0.098802025
719,0.02165606,0.059079315,0.17188439,0.097093655,0.063818405,0.173282465,0.10567615,0.30750956
720,0.15728098,0.037175895,0.233729085,0.04682524,0.04471658,0.311178335,0.06928256,0.099811325
721,0.05995668,0.072780305,0.146280115,0.141309275,0.15398345,0.25213495,0.061909505,0.11164572
722,0.071701645,0.068219375,0.187557405,0.037111415,0.107583185,0.295613845,0.02667235,0.20554078
723,0.04933959,0.017746505,0.257938505,0.054841065,0.069341335,0.311292365,0.037388595,0.20211204
724,0.09322934,0.0219843,0.125151945,0.027799415,0.05181466,0.326910365,0.03505686,0.318053115
725,0.05633349,0.08100878,0.156609865,0.042160005,0.07778924,0.37136838,0.045766425,0.168963815
726,0.08756234,0.02621159,0.161922385,0.149681695,0.05850599,0.311581055,0.07707147,0.127463475
727,0.050192025,0.053032965,0.177532185,0.07984322,0.09674219,0.241997935,0.07286402,0.22779546
728,0.06462941,0.045850375,0.153216225,0.109875535,0.088490245,0.215394165,0.0701816,0.252362445
729,0.04713274,0.085460075,0.10180888,0.04450142,0.0692161,0.299791285,0.076016035,0.276073465
730,0.09903269,0.08454424,0.177639585,0.082461145,0.11802025,0.34212498,0.001440985,0.094736125
731,0.04501206,0.103929945,0.04886405,0.05095286,0.13370898,0.41858027,0.04599448,0.152957355
732,0.1126406,0.048639405,0.188213535,0.11104641,0.08435677,0.183337695,0.117711025,0.15405456
733,0.07098597,0.049928705,0.158288645,0.081263295,0.116808175,0.29890751,0.09026937,0.13354833
734,0.01256898,0.09824923,0.157785075,0.16272938,0.03913065,0.359279785,0.0542548,0.1160021
735,0.07533772,0.07453378,0.131832525,0.13604096,0.022028765,0.36254356,0.01845455,0.17922814
736,0.155448625,0.06477588,0.19444785,0.078565875,0.165352785,0.17216369,0.02279673,0.146448565
737,0.11955899,0.05129515,0.14497403,0.07211488,0.11252238,0.257370665,0.060406605,0.1817573
738,0.025758025,0.07635471,0.151876295,0.13787029,0.09725823,0.28514215,0.04084743,0.18489287
739,0.123510905,0.06945567,0.06222914,0.217352335,0.081482865,0.22476254,0.04308346,0.178123085
740,0.03380695,0.07387552,0.074932215,0.13902475,0.107293995,0.284047505,0.07685749,0.210161575
741,0.117373935,0.073350975,0.136767015,0.050912655,0.18186087,0.13865063,0.033681555,0.267402365
742,0.10580432,0.031085515,0.143582425,0.085037795,0.103115455,0.33331641,0.097352385,0.100705695
743,0.060936765,0.00076288,0.1252633,0.057825265,0.133115815,0.348704215,0.05173702,0.22165474
744,0.182856525,0.09654137,0.071282445,0.13689448,0.0725858,0.23916356,0.01995807,0.18071775
745,0.058359905,0.109119865,0.057133345,0.083470305,0.194545175,0.23042505,0.0283599,0.238586455
746,0.03203755,0.054006585,0.09132807,0.141171255,0.049626815,0.3235268,0.028879805,0.27942312
747,0.137551995,0.054062145,0.06889212,0.09344316,0.136628285,0.40211092,0.013451375,0.09386
748,0.07711582,0.054743965,0.143154565,0.103341995,0.080275335,0.3594545,0.071853235,0.110060585
749,0.11572317,0.013521005,0.109488095,0.091866695,0.06863916,0.394652295,0.03321192,0.17289766
750,0.060850935,0.08999258,0.129277035,0.081395155,0.088266315,0.287425965,0.060924205,0.20186781
751,0.070516995,0.054282035,0.126406725,0.080055515,0.114440265,0.272205605,0.091690755,0.190402105
752,0.00945683,0.08136873,0.14303356,0.067223335,0.230956065,0.215693525,0.039482955,0.212785
753,0.11383261,0.053858415,0.209976585,0.02176579,0.16875478,0.339500975,0.02715191,0.065158935
754,0.08587434,0.099493745,0.089061855,0.0455919,0.17466949,0.38246571,0.0,0.12284296
755,0.13430581,0.035311805,0.141263535,0.106949295,0.13418956,0.25236119,0.062968255,0.13265055
756,0.038825095,0.12682502,0.119225495,0.11783169,0.034364435,0.34026921,0.04941578,0.173243275
757,0.09416263,0.05249225,0.093651895,0.123650185,0.167364715,0.24365718,0.0747057,0.150315445
758,0.04514345,0.16931352,0.13677819,0.105014555,0.08757844,0.223700845,0.132836765,0.099634235
759,0.0827713,0.081058565,0.136252545,0.038277185,0.064375805,0.30511618,0.106782575,0.185365845
760,0.095872345,0.04786059,0.1121027,0.05966188,0.08549959,0.354624335,0.14567807,0.09870049
761,0.10037652,0.0,0.199032455,0.11743032,0.06432428,0.232362965,0.059851625,0.226621835
762,0.032538175,0.051453095,0.165233705,0.09454549,0.121462505,0.35455131,0.03403395,0.14618177
763,0.13203382,0.02161874,0.145687915,0.0897789,0.22133027,0.186705275,0.028480025,0.174365055
764,0.114401045,0.03590609,0.07832085,0.07697662,0.048986175,0.41489079,0.041646955,0.188871475
765,0.075457245,0.00301251,0.179856565,0.07086516,0.142059695,0.39036438,0.02375477,0.114629675
766,0.07412248,0.106611965,0.15097397,0.09500391,0.08362256,0.40735165,0.04916647,0.033146995
767,0.08990407,0.059496835,0.123693665,0.14217687,0.064981945,0.220077355,0.09084014,0.20882912
768,0.099954315,0.01004084,0.156529365,0.089896885,0.09248614,0.198916465,0.06384831,0.28832768
769,0.0987889,0.097352795,0.171124285,0.143066935,0.067241065,0.240407385,0.109057105,0.07296153
770,0.15188321,0.08002557,0.1141819,0.12125099,0.061984205,0.32937272,0.05563204,0.085669365
771,0.067658845,0.031955,0.113211485,0.102886515,0.02467242,0.35074555,0.08401138,0.224858805
772,0.04723402,0.08903443,0.077760285,0.108370035,0.153649905,0.343291335,0.080952385,0.099707605
773,0.142826825,0.01099506,0.181951695,0.1017017,0.083390495,0.35779011,0.01074075,0.110603365
774,0.108562315,0.05799235,0.155019715,0.136861645,0.079658245,0.299831475,0.085941345,0.07613291
775,0.04683832,0.16215774,0.158221055,0.04448861,0.13996113,0.2801233,0.090651165,0.07755868
776,0.066531075,0.049002965,0.12720951,0.118036645,0.134118715,0.316311295,0.04251879,0.146271005
777,0.058030315,0.059346085,0.105675125,0.05467728,0.07959661,0.2465525,0.14354182,0.252580265
778,0.10413135,0.07560846,0.157601775,0.065567985,0.18334573,0.280305965,0.036622405,0.09681633
779,0.12354174,0.035267885,0.112550135,0.10730704,0.102558875,0.194651185,0.06317693,0.26094621
780,0.02087884,0.23114282,0.123874195,0.10582604,0.115550825,0.20198781,0.075942045,0.124797425
781,0.062953315,0.068542915,0.11884174,0.042150705,0.106130295,0.42382028,0.0273658,0.15019495
782,0.10567339,0.107561525,0.09947316,0.113736655,0.114639195,0.214123725,0.02569796,0.21909439
783,0.077398805,0.13959991,0.209818985,0.0469864,0.068713785,0.304023175,0.05432207,0.09913687
784,0.137115275,0.06137639,0.118416885,0.16055445,0.036556815,0.34303553,0.03163447,0.111310185
785,0.084171395,0.044318615,0.143059045,0.145258285,0.045232185,0.259437655,0.051511045,0.227011775
786,0.05456957,0.05816766,0.17423272,0.10213135,0.07579148,0.390054055,0.04318934,0.101863825
787,0.09627707,0.08546928,0.245178875,0.02192788,0.10250363,0.21750686,0.032995255,0.19814115
788,0.07453588,0.04493467,0.124168125,0.04890731,0.112598395,0.33882507,0.022818,0.23321255
789,0.075438005,0.04980875,0.13436665,0.095439635,0.06638643,0.33803345,0.04878021,0.19174687
790,0.080767085,0.051956045,0.19734953,0.110162855,0.0767008,0.3092447,0.037004785,0.1368142
791,0.033587195,0.119832485,0.13991681,0.100185245,0.073472705,0.2992535,0.075059495,0.158692565
792,0.018433365,0.026533655,0.066519445,0.09464707,0.106444165,0.557599485,0.03698769,0.092835125
793,0.10980881,0.06262327,0.15654682,0.05916522,0.12522103,0.28183967,0.043061965,0.161733215
794,0.02665145,0.085057055,0.050322425,0.07478769,0.142389085,0.408709505,0.11642426,0.09565853
795,0.16690613,0.054216135,0.106057385,0.065901445,0.034856595,0.2557139,0.06923317,0.24711524
796,0.06200932,0.06384636,0.117621215,0.130670945,0.12677238,0.334814715,0.08300654,0.081258525
797,0.14964157,0.15158012,0.084910235,0.07115666,0.0896631,0.251634945,0.04719087,0.1542225
798,0.101505,0.075396855,0.16387268,0.118114505,0.05979798,0.34011191,0.05273423,0.08846684
799,0.021898775,0.09071096,0.098866435,0.093493585,0.200058825,0.335277915,0.070955,0.088738505
800,0.07286623,0.024230205,0.083609785,0.146417315,0.12427526,0.19061061,0.10677925,0.251211345
801,0.06625669,0.05186458,0.11598473,0.121839075,0.048809735,0.38109341,0.04558689,0.16856489
802,0.162998815,0.05408072,0.09242658,0.06274355,0.091224605,0.289897635,0.08507456,0.161553535
803,0.0593398,0.14667161,0.203830445,0.147537255,0.066357345,0.17833339,0.070203045,0.12772711
804,0.12596002,0.032365175,0.120817275,0.090623175,0.05598096,0.292151765,0.01887421,0.26322742
805,0.08774199,0.093116775,0.12785995,0.068175555,0.09483211,0.24177057,0.09722112,0.18928193
806,0.0199191,0.090359895,0.115586645,0.07766949,0.160574215,0.34957253,0.02879457,0.157523555
807,0.052989335,0.10864216,0.07330982,0.0243617,0.075093285,0.4570373,0.04942198,0.15914442
808,0.029270715,0.06548301,0.10879191,0.106899645,0.05947344,0.32342002,0.136406335,0.170254925
809,0.01658161,0.075117165,0.155397665,0.11376103,0.0927948,0.40404384,0.045291705,0.097012185
810,0.04246017,0.080015675,0.13354772,0.08228473,0.105944845,0.323518975,0.11010899,0.122118895
811,0.06121706,0.157434625,0.11140478,0.0314127,0.148980775,0.266312685,0.13021847,0.093018905
812,0.065574695,0.101899885,0.089644605,0.15269733,0.044366175,0.21414487,0.05212509,0.27954735
813,0.063248405,0.05303094,0.14654622,0.09111009,0.10373583,0.36394177,0.03468392,0.143702825
814,0.052208735,0.062636085,0.04204473,0.13365631,0.16226576,0.283081145,0.053691555,0.21041568
815,0.041098695,0.101672315,0.16037217,0.081745305,0.091115625,0.273810565,0.028441095,0.22174423
816,0.08389355,0.12398784,0.031516415,0.06810218,0.08908127,0.280779215,0.09438688,0.22825265
817,0.16120783,0.071869185,0.111173595,0.06921521,0.115200225,0.28724857,0.047591885,0.1364935
818,0.13151422,0.088208145,0.132642915,0.07711939,0.055263575,0.249825145,0.06010048,0.20532613
819,0.09744247,0.13904817,0.148992445,0.06448309,0.14727077,0.157843895,0.07889081,0.16602835
820,0.08684405,0.039282945,0.15687485,0.10143672,0.05858779,0.383480755,0.073026915,0.100465975
821,0.065998095,0.03007984,0.121686545,0.193174305,0.087130865,0.357359555,0.05263022,0.091940575
822,0.0737106,0.00796634,0.181026895,0.085701665,0.068530505,0.365670135,0.08946537,0.12792849
823,0.11013901,0.089000755,0.144187295,0.073780515,0.026933535,0.34856391,0.05098247,0.15641251
824,0.047705075,0.020236675,0.089724625,0.057954605,0.071909995,0.41507688,0.087307325,0.21008482
825,0.06627709,0.1179532,0.0988889,0.057131315,0.10016147,0.294009845,0.022024615,0.243553565
826,0.116635095,0.036830945,0.11687351,0.11959501,0.02885693,0.35707762,0.028526585,0.195604305
827,0.059577545,0.112768495,0.13788715,0.07411946,0.08225918,0.321259995,0.03841468,0.173713495
828,0.068226805,0.07421555,0.08681848,0.074545905,0.143032675,0.341194555,0.056201955,0.155764075
829,0.04662496,0.047645705,0.153447665,0.132289805,0.093792475,0.34539822,0.01417123,0.16662994
830,0.070924565,0.079693825,0.095885575,0.06981572,0.128475975,0.23632364,0.03848234,0.28039836
831,0.072919575,0.09140525,0.150570325,0.15804677,0.053278085,0.31180797,0.032967665,0.12900436
832,0.07328912,0.09309702,0.143340755,0.06488319,0.14796333,0.314516935,0.034972455,0.127937195
833,0.087880775,0.037904855,0.16187381,0.054382095,0.12822195,0.291001825,0.04946689,0.1892678
834,0.06585979,0.11067592,0.12876885,0.041559105,0.09061715,0.326809945,0.05480943,0.18089981
835,0.087272085,0.16310364,0.123033025,0.04675782,0.091892105,0.28396527,0.03602373,0.167952325
836,0.07050774,0.015628745,0.184997735,0.06927693,0.13324131,0.338789545,0.034850175,0.15270782
837,0.113801275,0.075137645,0.08243885,0.09226921,0.07949689,0.33077582,0.0727344,0.15334591
838,0.02758865,0.067675715,0.111192115,0.10153716,0.04156315,0.366317355,0.10787882,0.176247035
839,0.050623355,0.126244725,0.17569635,0.114114525,0.06700834,0.23791831,0.05924301,0.169151385
840,0.09789811,0.045124995,0.146183045,0.05935362,0.044037585,0.30568584,0.067215165,0.23450164
841,0.075568755,0.04068181,0.133221995,0.05893818,0.07151798,0.393562385,0.16992119,0.056587705
842,0.077434735,0.02865283,0.091117245,0.0644999,0.09898163,0.293641665,0.06896001,0.276711985
843,0.07727258,0.18066832,0.146555445,0.042504545,0.03583215,0.252871255,0.17235632,0.091939385
844,0.1283687,0.064180165,0.234416235,0.092809915,0.093142095,0.226039855,0.035062825,0.12598021
845,0.03083814,0.070267275,0.128625715,0.184021,0.112129805,0.247953665,0.059084975,0.167079425
846,0.042310525,0.04367989,0.1576643,0.06909105,0.156185445,0.34558342,0.08115418,0.10433119
847,0.07178046,0.084439525,0.09410822,0.05593332,0.128992755,0.34368144,0.05147945,0.16958483
848,0.0437877,0.00423163,0.122805175,0.0625545,0.133958995,0.37926275,0.10396875,0.1494305
849,0.037746395,0.11539977,0.077336345,0.10875025,0.104974675,0.363582045,0.020321475,0.171889045
850,0.049306865,0.076251405,0.277328045,0.0476063,0.101685995,0.27999316,0.06867362,0.09915461
851,0.119526515,0.0706517,0.153515545,0.060698805,0.055409595,0.33050184,0.129577495,0.080118505
852,0.0624907,0.03261249,0.222467445,0.168825385,0.067721785,0.258027235,0.03379025,0.15406471
853,0.079361825,0.05328982,0.171302065,0.070390975,0.08905365,0.31652729,0.06644437,0.153630005
854,0.02325787,0.102035415,0.075217755,0.05832505,0.08930189,0.354891075,0.04498219,0.251988755
855,0.085909155,0.096336665,0.09112147,0.099828795,0.1456426,0.269624845,0.034841485,0.176694985
856,0.035896725,0.09981845,0.12497934,0.101060195,0.046003475,0.346634095,0.070210535,0.175397185
857,0.04129516,0.07513667,0.194040725,0.05049526,0.0386679,0.383768845,0.098279375,0.118316065
858,0.063759995,0.03325386,0.08873046,0.144826035,0.225602575,0.29521837,0.07657267,0.072036035
859,0.082318445,0.07650389,0.16585927,0.131245915,0.145160275,0.15610066,0.051284675,0.19152687
860,0.040398055,0.10681461,0.115189145,0.070627545,0.098834575,0.298939155,0.144408745,0.12478817
861,0.08239112,0.04717498,0.089271865,0.11922863,0.1257336,0.34360929,0.117209365,0.07538115
862,0.01482742,0.032743005,0.159021855,0.084957395,0.184012155,0.396902315,0.030527905,0.09700795
863,0.08647917,0.017317465,0.1746463,0.12705941,0.158609875,0.219684465,0.058673715,0.1575296
864,0.04132203,0.029904995,0.165317555,0.11996681,0.113202045,0.260294495,0.04280552,0.22718655
865,0.075390085,0.07341613,0.10798776,0.0988924,0.11185124,0.36875369,0.08856386,0.075144835
866,0.120579935,0.020883175,0.0746061,0.05277098,0.108344365,0.31681359,0.0838515,0.222150355
867,0.08680636,0.101729395,0.16189803,0.06560923,0.06828006,0.28261402,0.114877465,0.11818544
868,0.11809093,0.145051785,0.08194262,0.05761062,0.07569598,0.2114345,0.110309295,0.19986427
869,0.086258635,0.1253207,0.07931522,0.088055815,0.07404262,0.36894909,0.0065229,0.17153502
870,0.03818311,0.074989445,0.195644445,0.07422171,0.141069575,0.236905485,0.064903615,0.174082615
871,0.03422766,0.041228205,0.11082401,0.046628115,0.06516318,0.327542875,0.133157095,0.24122886
872,0.16073551,0.03587673,0.133212165,0.052926255,0.1606201,0.25792215,0.045540165,0.153166925
873,0.03134256,0.107588005,0.17585515,0.056600555,0.09007398,0.35803959,0.018851515,0.161648645
874,0.040583655,0.192658005,0.04724376,0.059727345,0.136359455,0.311271465,0.0786657,0.133490615
875,0.154523065,0.035875635,0.11218612,0.110580865,0.06683201,0.28408973,0.084247775,0.1516648
876,0.12254226,0.05690496,0.1121143,0.11491762,0.08085362,0.34766105,0.03624804,0.12875815
877,0.055955565,0.123259165,0.079453025,0.067249075,0.165441555,0.330254095,0.049405355,0.128982165
878,0.17908,0.05737749,0.18423676,0.061724945,0.04768963,0.25019425,0.05840716,0.161289765
879,0.114754525,0.06735201,0.057082705,0.034844585,0.0792849,0.37434127,0.07239194,0.199948065
880,0.060889065,0.10850936,0.117746555,0.107333895,0.084134605,0.34522306,0.041968225,0.134195235
881,0.085893685,0.089818405,0.074584765,0.10948903,0.148075145,0.370774945,0.030131715,0.09123231
882,0.102945635,0.09940777,0.159924165,0.07040097,0.054620325,0.267148655,0.08382394,0.16172854
883,0.107979105,0.09720141,0.08549721,0.24424233,0.075244655,0.255326085,0.02886736,0.105641845
884,0.082098515,0.068444055,0.088525405,0.10058112,0.14528004,0.369558535,0.037146595,0.108365735
885,0.020129355,0.12082111,0.137694,0.057680505,0.18782244,0.30155636,0.01456385,0.15973238
886,0.04448977,0.079582805,0.129959485,0.173327855,0.101484865,0.295613035,0.0413992,0.134142985
887,0.04442624,0.08270632,0.131578625,0.064231055,0.14515297,0.42230395,0.037463845,0.072136995
888,0.109631845,0.130468365,0.13257596,0.124340365,0.02643187,0.35492777,0.04359074,0.078033085
889,0.13068852,0.04820516,0.14911374,0.09425467,0.094852045,0.331698125,0.08917285,0.06201489
890,0.12352415,0.12397358,0.116606955,0.071041575,0.081312635,0.241183565,0.103038485,0.139319055
891,0.10205558,0.029074735,0.219628255,0.03015064,0.11102135,0.32137694,0.04312655,0.14356595
892,0.037793595,0.08679411,0.18257656,0.117945695,0.10915119,0.333759635,0.029859025,0.10212019
893,0.115387185,0.04014236,0.13206157,0.11951356,0.12943404,0.29745052,0.07707632,0.088934445
894,0.06040588,0.0405311,0.078972405,0.09807442,0.15949984,0.25543527,0.086852125,0.22022896
895,0.09987811,0.075606435,0.105564435,0.152910245,0.089946275,0.297585545,0.086057895,0.09245106
896,0.04019475,0.054343385,0.131959035,0.09737887,0.07133633,0.44577904,0.05153672,0.10747187
897,0.07822443,0.133063665,0.071868645,0.072917905,0.12878181,0.27561021,0.039999155,0.19953418
898,0.03506005,0.1099562,0.12446746,0.093240915,0.13433481,0.298306935,0.110668375,0.093965255
899,0.012868075,0.129884095,0.13318099,0.06547705,0.04841442,0.33431867,0.05236319,0.22349351
900,0.05061482,0.06663065,0.121959355,0.14180672,0.084270865,0.40294189,0.04262679,0.08914891
901,0.1244209,0.0592872,0.14567037,0.12794273,0.03775724,0.2466198,0.04558106,0.2127207
902,0.05195017,0.0563389,0.10280768,0.067161125,0.063518415,0.380741835,0.07435975,0.203122125
903,0.050216015,0.105082585,0.082644585,0.068588395,0.121746175,0.30278917,0.020460365,0.24847271
904,0.12321754,0.116938795,0.1506475,0.06363532,0.204505045,0.170163445,0.03131535,0.139577005
905,0.05904789,0.07892495,0.082804205,0.063377085,0.12493018,0.38326056,0.044680295,0.162974835
906,0.10221663,0.101397145,0.17785867,0.09574315,0.08801771,0.287104665,0.01593807,0.13172396
907,0.03135054,0.06942775,0.0680174,0.119118295,0.24863236,0.317857395,0.0,0.14559626
908,0.057991885,0.03187834,0.160379265,0.102957765,0.0844491,0.20656995,0.100872675,0.25490102
909,0.06371404,0.1500657,0.197701205,0.04644185,0.1067168,0.268162385,0.049448615,0.117749405
910,0.02702757,0.08615801,0.1979357,0.09535378,0.154165715,0.31939463,0.02376608,0.096198515
911,0.136030395,0.058870615,0.125667925,0.04068428,0.07562665,0.34616611,0.15440212,0.062551905
912,0.053319985,0.058934355,0.087809705,0.05879759,0.163232375,0.372033555,0.058967915,0.14690452
913,0.0488545,0.092689815,0.12174255,0.062443555,0.209966735,0.243895835,0.052291145,0.168115865
914,0.05005001,0.09311263,0.11162377,0.100139745,0.13225119,0.31112727,0.047684195,0.15401119
915,0.054516935,0.05000962,0.114559605,0.13436695,0.0364196,0.396622895,0.09569384,0.117810555
916,0.11754038,0.038326925,0.271512155,0.095865945,0.056718095,0.196446405,0.06508742,0.158502675
917,0.035263355,0.071731845,0.12970466,0.04336244,0.163023485,0.31120752,0.076365675,0.16934102
918,0.094564995,0.051100195,0.04941012,0.099031315,0.05096967,0.33609956,0.02373551,0.295088635
919,0.02480029,0.10711555,0.078603185,0.16287216,0.088226885,0.2982547,0.096957165,0.143170065
920,0.108850225,0.051530705,0.13913272,0.096553975,0.053986105,0.30711091,0.01620647,0.22662889
921,0.118685335,0.038007025,0.107583845,0.143433,0.164328505,0.242152855,0.06564985,0.120159585
922,0.06827193,0.164774505,0.22217302,0.1051949,0.08156073,0.195671,0.04907416,0.113279755
923,0.064787405,0.072884945,0.150531725,0.173448115,0.05251497,0.25485095,0.04022055,0.19076134
924,0.14630179,0.173736705,0.07760875,0.066537965,0.096141265,0.2598397,0.01918811,0.160645715
925,0.04316729,0.05272331,0.16797713,0.12198161,0.15599272,0.168711065,0.036716355,0.25273052
926,0.07339661,0.06985987,0.079907545,0.047720835,0.22200533,0.36917537,0.045765665,0.092168775
927,0.06082496,0.093732845,0.084861725,0.045926745,0.140849735,0.41018805,0.052687595,0.110928345
928,0.111358565,0.03068518,0.145791415,0.21300472,0.074539995,0.324758415,0.025451455,0.074410255
929,0.146701725,0.05291934,0.112258845,0.106473215,0.095593585,0.289352135,0.059507625,0.13719353
930,0.106144005,0.003180575,0.17166475,0.107611835,0.04867096,0.26275677,0.076370345,0.22360076
931,0.030733625,0.027517455,0.11653848,0.073324825,0.12119074,0.471493635,0.05236924,0.106832
932,0.10465982,0.104280795,0.13867226,0.168163635,0.082079495,0.247358495,0.038661325,0.116124175
933,0.081498245,0.01006487,0.121244595,0.00887208,0.10708912,0.37585199,0.09443475,0.20094435
934,0.027398975,0.06696681,0.1749257,0.12333116,0.121403265,0.277912575,0.06389639,0.144165125
935,0.042492085,0.04437666,0.111036075,0.115866265,0.09410379,0.34845613,0.05234551,0.191323485
936,0.083505195,0.086546165,0.11327156,0.091900705,0.213682845,0.218902645,0.08178938,0.110401505
937,0.051174495,0.05558545,0.088699475,0.086083175,0.094980435,0.388266975,0.09160527,0.143604725
938,0.032269095,0.08035822,0.067840085,0.081160805,0.09451428,0.399153055,0.05913112,0.18557334
939,0.082989165,0.03561473,0.181207755,0.083369195,0.161734125,0.289661805,0.07280632,0.092616905
940,0.097402095,0.0929247,0.152682455,0.01872745,0.184074805,0.260357835,0.0047606,0.18907006
941,0.06127252,0.05243262,0.165566645,0.136695425,0.061040685,0.27870538,0.11183281,0.132453915
942,0.041058015,0.08313183,0.11792367,0.177333365,0.10478848,0.33763737,0.066528085,0.071599185
943,0.037934945,0.05494295,0.2032447,0.10084887,0.10126792,0.33297037,0.03824258,0.130547665
944,0.08167761,0.12698084,0.149322205,0.075924165,0.08091527,0.30092533,0.096437065,0.087817515
945,0.041810585,0.099482065,0.076352745,0.08337307,0.187688895,0.32831077,0.057867045,0.125114825
946,0.127793405,0.04123586,0.090430215,0.059531375,0.043105185,0.378540335,0.092366105,0.16699752
947,0.068748185,0.137542165,0.090681425,0.06891355,0.108655425,0.41868825,0.02556914,0.08120186
948,0.143356995,0.06184634,0.16631293,0.06078842,0.12585248,0.216492225,0.129310185,0.096040425
949,0.055593805,0.06913048,0.128662775,0.14789643,0.05987908,0.39575895,0.05410795,0.08897053
950,0.082693955,0.01856748,0.05678769,0.069399615,0.07429061,0.385810075,0.05596853,0.256482045
951,0.14075623,0.148574965,0.12249069,0.053665375,0.0341489,0.22648738,0.08987423,0.18400223
952,0.119261315,0.045392705,0.115708075,0.17725397,0.045128705,0.242091105,0.07966928,0.175494845
953,0.0481432,0.135642345,0.126739105,0.05814114,0.03564925,0.345807365,0.05282959,0.197048005
954,0.03617572,0.145962115,0.126293775,0.060701155,0.11097733,0.237383705,0.08735355,0.19515265
955,0.028910105,0.037514665,0.16660412,0.10883514,0.097453125,0.280667675,0.08659059,0.19342458
956,0.15025922,0.017941095,0.125821345,0.196743355,0.06948455,0.294874755,0.0489559,0.09591978
957,0.0195208,0.04166524,0.185097025,0.063354215,0.15940426,0.28550503,0.055681455,0.189771975
958,0.169230545,0.13663132,0.10757265,0.115633385,0.02997535,0.25511479,0.01782689,0.16801507
959,0.006627505,0.134923505,0.08484937,0.064736715,0.141488505,0.35582345,0.0457173,0.16583365
960,0.038670735,0.08584797,0.131498565,0.041552635,0.122455355,0.285465215,0.117372905,0.17713662
961,0.07280331,0.148923855,0.137603365,0.070849195,0.12011167,0.257622815,0.011998075,0.180087715
962,0.111345835,0.190799655,0.118883505,0.068236875,0.07516234,0.263111615,0.02094625,0.151513925
963,0.115515185,0.0737221,0.05117099,0.11615584,0.05260446,0.277920915,0.101895825,0.211014685
964,0.09275864,0.13077486,0.03842413,0.105873635,0.08568555,0.26931909,0.048128935,0.22903516
965,0.06683355,0.05097537,0.18684195,0.07906879,0.093578885,0.371726715,0.037625815,0.113348925
966,0.0905444,0.01172902,0.10736355,0.108601305,0.089756555,0.331048215,0.045797275,0.21515968
967,0.13855546,0.1363361,0.127174585,0.08801389,0.04139832,0.285083805,0.05546639,0.12797145
968,0.109809615,0.102008165,0.12831303,0.15567749,0.054641805,0.33771288,0.03956092,0.072276095
969,0.104554315,0.051346875,0.128340405,0.066137525,0.113830165,0.236556025,0.095207045,0.204027645
970,0.131237165,0.092141245,0.09823588,0.160994925,0.12714081,0.21653669,0.030431595,0.14328169
971,0.06903316,0.116818895,0.133222515,0.072757075,0.17903491,0.248725965,0.04412433,0.13628315
972,0.12069601,0.11726742,0.0788694,0.1585187,0.092372465,0.215121985,0.113078925,0.104075095
973,0.11461516,0.137100825,0.09444617,0.055855465,0.05714617,0.35597388,0.00970966,0.17515267
974,0.0911863,0.06092827,0.23938793,0.08489928,0.10018642,0.278313145,0.059118755,0.0859799
975,0.084320105,0.059720515,0.079260945,0.16333483,0.12473908,0.26247854,0.074132035,0.15201395
976,0.17368177,0.04263664,0.1710045,0.0865077,0.056433405,0.3115815,0.012297715,0.14585677
977,0.133366645,0.08309149,0.10223442,0.16280775,0.101613935,0.2899403,0.003038825,0.123906635
978,0.12922349,0.07768408,0.11415193,0.043260225,0.0500039,0.4262722,0.054127,0.105277175
979,0.055862435,0.083051855,0.138357525,0.06689698,0.12086448,0.345172825,0.04432077,0.14547313
980,0.06538627,0.09184711,0.1056117,0.09223902,0.11179173,0.37560939,0.02473378,0.132781
981,0.12708152,0.103907635,0.14773097,0.06739656,0.033625355,0.366336165,0.04422597,0.109695825
982,0.11109606,0.08177863,0.166339255,0.078603975,0.123301045,0.30066056,0.06052378,0.077696695
983,0.0460994,0.219967405,0.129979395,0.05186733,0.111019385,0.23688687,0.11406223,0.090117985
984,0.04333478,0.106927895,0.11327182,0.0921856,0.09791248,0.25198758,0.14905618,0.145323665
985,0.094691835,0.0632455,0.14646444,0.065778955,0.15768626,0.306662225,0.018336165,0.14713462
986,0.0855857,0.059900285,0.104266915,0.105494975,0.12515029,0.32687207,0.04950704,0.143222725
987,0.066452325,0.051343805,0.068461155,0.028565175,0.14113559,0.40299857,0.070470715,0.170572665
988,0.111963775,0.07766366,0.076111095,0.0942951,0.04001093,0.364556715,0.06253979,0.172858935
989,0.07290466,0.05908695,0.12686618,0.1154422,0.101835545,0.28570348,0.06185422,0.176306765
990,0.05671526,0.02628469,0.230022315,0.089072815,0.07279378,0.30598709,0.12153844,0.09758561
991,0.04827554,0.11312199,0.156315895,0.089567485,0.025408795,0.32543414,0.093445215,0.14843094
992,0.07385155,0.038920205,0.067162425,0.07000853,0.097612615,0.34043098,0.0751425,0.236871195
993,0.05163544,0.096248165,0.21510631,0.01839465,0.115473865,0.271724775,0.07893058,0.152486215
994,0.02758826,0.07043131,0.17983003,0.16472266,0.160600925,0.24823409,0.052046355,0.09654637
995,0.208414095,0.07524193,0.064121785,0.04863367,0.15148257,0.253027845,0.058877765,0.14020034
996,0.07075129,0.14848553,0.055319925,0.11209017,0.07488959,0.314528875,0.03056841,0.19336621
997,0.08357219,0.05612042,0.139369455,0.184702065,0.10372637,0.314290975,0.06276578,0.055452745
998,0.0639257,0.068094205,0.15877669,0.085941275,0.083778925,0.353632815,0.005374175,0.180476215
999,0.108212705,0.13297181,0.070121275,0.09526719,0.1077372,0.31061822,0.04947783,0.12559377
